OPEID,default_rate1,default_rate2,default_rate3
41176,48.3,50,0
41480,47.3,38.2,32.4
36803,46.6,52.2,40.6
22429,43.5,44.2,44.1
2934,42.6,78.9,0
24948,42.4,33.3,22.5
30199,41.4,57.1,17.3
5363,39.3,27.2,25
12948,39.3,23.6,24
20533,39.2,36,28.2
41746,39.2,62.5,0
39303,38.7,22.5,12.5
4927,38.3,33.4,27.5
36114,37.9,37.2,46.2
41489,37.7,12.5,25
20568,35.8,33.7,25.7
30649,35.8,38.8,43.9
38763,35.7,37.5,27.7
3762,35.5,27,18.6
38233,35.5,33.3,75
39644,35.4,33.6,22
13008,35.4,28.8,31.8
21816,35.3,22.5,25.8
25307,35.2,34.2,29
7447,35.1,14.5,21.8
41690,34.8,33.3,13.7
40453,34.8,25.7,20
23394,34.2,17.4,19.3
1038,33.9,0,0
41821,33.8,22.2,0
11672,33.3,18.4,14.7
23513,33.3,29.7,27
8612,33.2,36.6,0
21760,32.4,26.8,29.4
4835,32.3,28.1,28.9
5256,32.3,0,0
41634,32.3,16.9,30.7
41669,32.3,45.1,20
41545,32.2,19.3,0
1998,31.9,32.3,27.6
10826,31.8,24.3,28.9
9646,31.7,18.7,0
30104,31.6,38.2,37.9
3628,31.2,0,0
10554,31,31.5,26.7
30178,31,27.6,39.6
37593,30.9,12.9,13.5
9231,30.8,34.5,29.5
41847,30.8,28.5,50
25535,30.7,30.5,18.3
41976,30.5,0,0
25686,30.5,29.4,16.6
41931,30.5,0,0
8085,30.4,30.4,0
36074,30.3,31.2,33.3
41186,30.3,17.3,23.5
9535,30.3,25,16.6
6960,30.2,28.8,28.7
21466,30.2,28.5,28.5
1990,30.1,27.6,28
41438,30.1,37.5,19.2
1615,30,28.3,26.3
41710,30,25.1,20.6
25488,29.8,40,32
41772,29.8,27.5,0
25950,29.7,21.2,19.1
37833,29.6,21.4,21.2
11197,29.6,50,0
3026,29.5,29.9,20.1
21088,29.5,18.4,21.9
5273,29.4,28.9,31.8
2982,29.4,38.6,39.9
21487,29.4,21.7,19.1
41848,29.4,0,0
39123,29.3,30.6,33.3
3669,29.2,21.4,25.3
21975,29.2,35.4,32.6
41452,29.1,27.4,30.9
5271,29,29.3,31.1
6962,28.9,31.8,27.7
3417,28.9,29.1,31.8
9430,28.8,57.1,0
7687,28.6,25.6,27.3
41174,28.5,26.6,27.6
22463,28.5,11.3,13.8
10695,28.5,25,19
21719,28.5,13,14.2
23068,28.3,35.9,16.3
2943,28.3,30.6,29.2
1209,28.3,20.4,28.9
1104,28.3,17,17.6
40144,28.3,22.8,27.8
21395,28.3,20,20
12525,28.2,30,29.6
11074,28.1,29.7,28.4
5258,28,27.6,23.9
2980,28,22.3,15
10264,27.9,15.3,19.3
11596,27.9,22.5,19.4
4024,27.8,22.7,0
36273,27.8,29,34.8
3638,27.8,25.5,23.5
35424,27.8,25.7,16.9
4742,27.7,28.9,31.7
2466,27.7,25.6,29.6
1078,27.6,24.8,20.6
40385,27.6,28.8,36.7
7518,27.5,20.3,15.8
1993,27.5,22.5,22.5
7986,27.5,32.8,39.5
26002,27.5,21.8,18.5
8278,27.4,28.1,33.4
3779,27.4,26.2,27.4
6949,27.3,24.2,32
1202,27.3,27.9,27.2
7987,27.3,32.5,0
3186,27.2,25.2,28.1
1178,27.2,25.6,23.9
9082,27.2,19.3,15.3
38303,27.2,21.1,15.1
21464,27.2,25,34.3
4923,27.2,35.2,28.7
41326,27.2,21.6,28.4
1997,27.1,29.2,29.7
31133,27.1,26.3,22.5
31291,27.1,22.8,22.9
2942,27.1,24.7,25.5
31505,27.1,27.2,31.4
30050,27.1,29.7,13.1
5389,27,23.8,23.9
1996,27,27.1,29.1
25869,27,20.5,13
3317,27,26.8,26.9
9313,26.9,26.3,23.8
41409,26.9,21.3,27.8
1499,26.8,21.2,21.5
5533,26.8,25.3,27.4
4713,26.8,28.2,21.8
36124,26.8,25.6,33.2
32833,26.8,18.9,10.6
22708,26.7,18.3,11.2
21283,26.7,27.3,28.8
30675,26.6,28.6,26.9
3618,26.6,30.1,24.6
30651,26.6,19.2,17.7
40283,26.6,23.9,25.8
21040,26.5,19,15.3
1979,26.5,22.9,22.4
39325,26.5,26,25.2
1614,26.5,25.9,21.2
31285,26.5,25,15.7
10881,26.4,28.6,29.7
22613,26.3,25.5,27.1
30345,26.3,24.2,25.2
30665,26.3,29.2,0
9267,26.2,20.4,23
34283,26.2,28.4,29.4
1654,26.1,20.4,16.9
1227,26.1,32.2,20
41699,26.1,23.5,11.1
23462,26,24.3,25.5
8613,26,41.1,0
39243,26,21.7,31.2
32374,26,33.3,26.5
9941,25.9,25.8,28
39573,25.9,30.1,27.8
1046,25.9,28.1,28.8
25364,25.9,30.3,26.3
10424,25.8,25,22.6
38324,25.8,28.5,35.2
1991,25.7,25.8,27.4
1086,25.7,24.7,29.9
2983,25.7,25.9,23.1
30272,25.7,16.9,16.9
6961,25.6,25,23.5
5763,25.6,21.8,0
4934,25.6,25,19.8
25408,25.6,26.7,21.3
39603,25.5,27.5,39.5
40894,25.5,20.3,30.8
41187,25.5,31.8,30
35703,25.5,28.5,32.2
3222,25.4,25.4,34.5
37893,25.4,26.3,33.5
3454,25.4,25.9,21.5
7275,25.4,30.1,30.1
5707,25.4,26.7,26.3
3188,25.3,27.7,23.9
39035,25.3,20,16.2
5619,25.3,25.4,0
9962,25.3,24.7,26
21193,25.3,27.5,28.2
25593,25.2,25.9,22
7738,25.2,21.9,27.6
3196,25.1,24.6,27.4
26092,25.1,19.9,18.8
4838,25,25.1,29.7
1636,25,24.9,22.9
10879,25,24.3,18
10014,25,23.9,21
8083,25,30.7,0
24947,25,24.7,22.3
25957,25,27.6,22.2
41200,25,24.3,20.8
25812,25,19.4,27.4
5317,24.9,18.9,0
1232,24.8,26.3,25
1219,24.8,24.2,30.1
12870,24.8,28.4,31.4
41477,24.8,33.1,37.8
25997,24.7,19,20.9
2261,24.7,24.8,19.2
4062,24.7,23.6,23.6
10977,24.7,28.5,27.5
41485,24.7,15.1,10.9
3221,24.6,25.2,32.2
23522,24.6,27.5,26.6
20839,24.6,26.3,19.1
21598,24.6,23.6,26.6
5601,24.5,25,20
5754,24.5,28.7,0
1071,24.5,27,21.4
22183,24.5,19.5,31.9
41795,24.5,16.6,0
21348,24.5,22.2,23
30226,24.4,24.5,22.6
10388,24.4,25.7,26.4
2486,24.4,23.3,24.3
22781,24.4,23.9,22
37143,24.4,24.7,25
22957,24.4,28.4,30.4
12260,24.4,28.1,24.4
3816,24.4,21,24.2
41831,24.4,15.3,0
1077,24.3,22.9,19.2
7118,24.3,21.9,25.6
2237,24.3,21.5,15.5
3786,24.3,21.1,25
26215,24.3,23.8,24.7
2964,24.2,32.7,33.2
4972,24.2,21.7,17.5
41527,24.2,15,22
9581,24.2,12.5,13.7
30071,24.2,15.4,23
1501,24.1,15.4,15.8
5467,24.1,23.4,24.5
5488,24.1,22.9,24.5
9684,24.1,21.1,24.3
25295,24.1,28,26.3
41245,24.1,17.6,16.1
10507,24.1,30.7,28
11622,24.1,16,21.1
4852,24,25.3,23.6
8080,24,26.1,28
3992,24,24.9,22.6
11830,24,23.9,21
11810,24,17.6,11.9
25860,24,26.2,0
4503,23.9,18.5,24
3995,23.9,24.6,21.5
23067,23.9,20.8,32.6
5359,23.9,24.7,26.9
2417,23.8,24.4,22.9
3153,23.8,24.6,22.4
22202,23.8,24.9,25
9903,23.8,36.1,0
7600,23.8,15.8,25.6
7756,23.8,22.9,10.8
25049,23.8,23.7,25.7
7690,23.7,21.5,15.1
2407,23.6,23.7,26
3593,23.6,22.7,23.5
1085,23.6,24.9,22.6
8133,23.6,24.8,24
9767,23.6,13.8,0
3455,23.6,21.7,17.8
41210,23.6,19.3,28.3
8081,23.6,27.5,32
30020,23.6,27.5,36
22697,23.6,23.6,29.4
5424,23.6,25.4,22
25731,23.6,24.3,17.7
1533,23.5,23.3,23.8
22023,23.5,22.3,24.2
4467,23.5,23.5,34.7
1862,23.5,23.6,23.2
3176,23.5,23.3,26.3
4855,23.5,20.8,25.2
5204,23.5,21.9,22.4
8558,23.5,28.1,6.1
8466,23.5,27.1,18.5
36833,23.5,25.2,32.5
22050,23.5,25,35.2
41523,23.5,27,34.4
4057,23.4,20.6,21.4
22838,23.4,24.7,30.8
10182,23.4,24.5,24.6
1307,23.4,29.6,38.4
25587,23.4,23,32.9
12261,23.4,22.8,24.5
1176,23.4,29.1,23
38563,23.4,23.6,13.8
5594,23.4,24.2,24.2
6775,23.4,33.6,25.4
41190,23.4,35.5,21
37873,23.3,23.9,27.8
37013,23.3,42.1,44.7
2267,23.2,24.6,26.4
23058,23.2,21.3,19.2
9542,23.2,27.9,30.8
7283,23.2,24.4,22.6
9054,23.2,28.8,33.7
23154,23.2,28.4,22
35373,23.2,21.3,23.2
9043,23.2,19.6,20.8
8557,23.2,23.8,0
41691,23.2,18.1,33.3
3116,23.1,20.4,21
10851,23.1,16.4,13.7
3160,23.1,22,24.8
3782,23.1,25.4,24.7
30300,23.1,41.3,0
25454,23.1,25,28
3568,23.1,26.4,29.8
1623,23,21.8,22.5
8403,23,24.6,29.7
3572,23,23.5,21.8
1994,23,20.4,17.7
7684,23,19,20.7
22305,23,26,24.7
1478,23,23.6,25.8
9022,23,26.8,31.5
31033,23,19.2,14.5
41312,23,16.6,33.3
3990,22.9,22,22.3
5320,22.9,22.2,23.6
12891,22.9,18,22.8
10503,22.9,20.3,14.4
3155,22.9,25.9,25.4
1187,22.9,28.4,29.4
38123,22.9,26,24.9
41476,22.9,22.2,25
30830,22.8,21.1,22.3
20554,22.8,21.2,24.7
3828,22.8,28,30.5
25681,22.8,23.3,24.1
6799,22.8,14.1,19.8
22579,22.8,22.5,21.8
2655,22.8,28.3,29.8
13132,22.8,26.2,32.6
20997,22.7,19,18.7
1087,22.7,25.4,25.9
1185,22.7,23.8,24.7
22977,22.7,23,23.3
1650,22.7,10,18.5
30118,22.7,20,24
3121,22.6,24.6,18.9
20746,22.6,19.4,21.9
21211,22.6,24.8,27.1
39163,22.6,22.7,42.8
25799,22.6,21.4,34.4
12811,22.6,18.3,15.1
9917,22.5,22.5,23.2
5753,22.5,26.3,32.2
8073,22.5,25.3,26
11647,22.5,24.7,21.4
3577,22.5,23.1,28
34095,22.5,24.1,21.6
41493,22.5,21.7,46.1
1182,22.5,17.8,23
22586,22.5,16.7,14.1
5316,22.5,47.3,0
9873,22.5,23.4,15.6
41779,22.5,21.4,0
21775,22.4,29.9,24.9
5244,22.4,24,24
25919,22.4,21.6,27.7
40414,22.4,24.2,22.4
4009,22.4,23.4,22.9
1908,22.4,16.4,9.6
23566,22.4,14.1,18.8
30791,22.4,20.3,25
21785,22.3,19.6,27.9
20522,22.3,24.3,29.1
31150,22.3,20.6,22
9336,22.3,22.2,22.1
7436,22.3,26.3,24.5
5318,22.3,24.1,19.6
9077,22.3,20.3,13.8
1355,22.3,14.9,23.4
9828,22.2,17.9,21.4
3648,22.2,22,20.6
23328,22.2,24.6,22.2
9079,22.2,19.4,21.7
22506,22.2,20.7,21.5
1592,22.2,21.2,22.2
13005,22.2,24.6,22.6
2867,22.2,20.3,17.6
2968,22.2,23.3,36.6
1079,22.2,23.2,19.3
22515,22.2,29.4,31.1
1190,22.2,25.3,20.4
1267,22.2,28.1,24.1
40363,22.2,16.6,20.9
24978,22.2,20,13.8
31037,22.2,19.4,23.8
41386,22.2,20,19
33294,22.2,23.9,21.4
41887,22.2,0,0
3218,22.1,23.3,21.9
23001,22.1,15,17.6
1007,22.1,21.9,26.3
25349,22.1,20.4,21.5
38425,22.1,21.3,26.6
5752,22,16.7,18.7
3801,22,22.4,24.6
1289,22,19.2,18.2
25171,22,16.2,13
3204,21.9,20.3,22
7598,21.9,23.6,34.1
2402,21.9,25.1,19.4
1334,21.9,18.2,20.4
1217,21.9,32.3,30.8
5430,21.9,19.3,24.5
34453,21.9,31.4,16.3
39696,21.8,15.8,23.7
7640,21.8,22.3,26.2
7678,21.8,16.8,24.1
11220,21.8,19.6,19.6
3189,21.8,14.5,22.9
41514,21.8,22.9,17.3
3119,21.7,24.1,27.7
3998,21.7,21.4,23.9
21163,21.7,19.5,27.2
31158,21.7,20.1,25.1
10997,21.7,22.5,22.6
5599,21.7,21.8,0
38044,21.7,21.5,25
3582,21.7,19,18.5
30079,21.7,22.3,29.3
31593,21.7,22.2,31.6
41308,21.7,22.5,23.5
2362,21.6,21.5,21
2274,21.6,24.2,21.6
3283,21.6,18.5,18.6
2297,21.6,18.3,15.1
32804,21.6,15.8,29.4
36274,21.6,16.3,25.2
41203,21.6,21.5,34
21782,21.6,15.5,28.2
26164,21.5,23.6,22.1
21077,21.5,25.3,20.5
1290,21.5,20.2,19.2
1280,21.5,22.3,28.5
1335,21.5,22.7,24.6
35433,21.5,21.4,29.3
5306,21.5,20.1,18.1
23485,21.5,16.4,25
1545,21.5,18.2,21.3
2276,21.4,19.7,25.8
31281,21.4,24.4,25.8
2919,21.4,20.1,22
1118,21.4,21.3,27.7
38163,21.4,13.9,20.5
41519,21.4,31.6,19.5
20543,21.4,20.6,22.4
41324,21.4,31.9,31.5
26167,21.3,21,26.4
3936,21.3,23.6,26.2
3999,21.3,18.6,18
2426,21.3,24.9,26.3
21408,21.3,32.9,30.2
2433,21.3,21.7,23.7
1344,21.3,25.7,37.1
33273,21.3,26.4,36.2
21603,21.2,23.7,25.6
5498,21.2,21,20
1848,21.2,22.4,23.5
41657,21.2,20.8,20
21370,21.2,19,18.1
41411,21.2,12,22.6
1076,21.1,22,18.1
20740,21.1,22.4,26.2
6768,21.1,17.1,17.3
20693,21.1,15.2,18.7
1681,21.1,19.4,24.1
34096,21.1,23.3,34.4
25864,21.1,12,11.7
41927,21.1,50,0
21160,21,22.4,20.3
11046,21,21.7,23.5
5378,21,21.8,23.9
5697,21,23.2,26.3
2404,21,18.9,24.6
4033,21,19.7,17.6
9010,21,18.4,18.4
38853,21,22.4,26
3602,21,28.4,22.6
7266,20.9,21.3,20.6
2484,20.9,18.2,18
2468,20.9,22.5,21.8
8862,20.9,20.5,21.3
10363,20.9,26.6,22
10858,20.9,18.5,20.5
3928,20.9,21.7,21.5
4743,20.9,20,26.7
21890,20.9,14.8,19.8
21661,20.9,12.9,19.1
30107,20.9,18,30.5
23623,20.9,10.5,16.6
30314,20.8,,26.6
4925,20.8,20.2,20.8
3583,20.8,22.8,22.3
5022,20.8,17.7,16.4
30151,20.8,23.8,18.3
21822,20.8,17.3,29.1
41515,20.8,36.9,38.8
3040,20.7,23,26.3
4878,20.7,21.2,18.7
1113,20.7,26.1,26.9
23397,20.7,18.7,16.1
8543,20.7,25.9,0
21585,20.7,21,21.8
7491,20.7,22.1,23.4
3574,20.7,19.5,26.4
2880,20.7,14.2,17.4
41625,20.7,21.2,13.1
31555,20.7,11.1,0
25728,20.7,29.1,10.3
21540,20.7,16.9,17
23141,20.7,17.1,22.8
7120,20.6,25.8,28.7
3773,20.6,20.3,19
30353,20.6,14.7,20.6
22482,20.6,21.8,25
2660,20.6,22.6,22.7
22375,20.6,21.8,24.5
1103,20.6,15.6,16.4
1242,20.6,21.4,23.3
41552,20.6,13.8,20
20565,20.6,20,21.8
37303,20.5,23.3,32.8
8303,20.5,18.2,17.3
2479,20.5,20.7,25.4
25889,20.5,17.4,20
3784,20.5,16.9,15.2
5223,20.5,19.4,18.7
2240,20.5,23.9,20.4
2355,20.5,24.5,25.4
41414,20.5,24,16
41113,20.5,19.2,20
34567,20.5,15.4,18.3
30893,20.5,20.2,23.9
21884,20.5,9.5,22.2
35614,20.5,15.7,12
41602,20.5,6.6,0
4920,20.4,18.9,16.5
40386,20.4,20.4,24.6
1223,20.4,24.6,22.6
41265,20.4,47.2,55.7
34684,20.4,19.5,9.7
10633,20.3,22.2,17.6
1619,20.3,20.7,23.9
1233,20.3,23.2,20.6
10487,20.3,20.6,0
1015,20.3,23.2,25
2263,20.3,19.6,17.7
7096,20.3,13.8,36.8
22695,20.3,7.4,13
7287,20.3,21.1,18.4
4910,20.2,25,26.1
7582,20.2,16.4,25
2915,20.2,21.5,0
10736,20.2,22.2,24.4
5618,20.2,23,0
1648,20.2,17.5,0
8552,20.2,19,18.6
22208,20.2,14.2,0
38193,20.1,23.3,13
2405,20.1,20.9,22.3
9618,20.1,21.4,21.1
1493,20.1,18.9,18.7
4453,20.1,18.6,17.2
2664,20.1,24.7,28.3
21802,20.1,22.9,24.8
7950,20.1,22.9,22.6
32103,20,23.6,25.9
10345,20,20.7,21.9
1865,20,22.2,22.4
4666,20,15.9,11.7
40373,20,17.1,17
12105,20,26,23.8
5380,20,15.9,18.5
3994,20,18.3,18.9
11166,20,20.5,21.7
12750,20,19.7,20.9
1199,20,13.5,15.8
3453,20,20.5,16.9
22456,20,26.3,29.7
36276,20,13.5,12.7
9600,20,25,14.6
8873,20,10.1,15.6
10460,20,12.9,0
10632,20,17.2,21.5
10111,20,22.7,19.6
41926,20,40,0
23531,20,17.6,6
7900,20,16.6,9.8
20561,20,13.5,3.2
3759,19.9,16.4,19
22898,19.9,22.8,25.9
5387,19.9,21.5,14
8510,19.9,18.5,17.7
1368,19.9,20.2,26.9
12064,19.9,23.7,21.9
2278,19.8,24.9,31.8
3674,19.8,25.3,27.1
3793,19.8,21.6,27.3
23410,19.8,9.5,12.2
42118,19.8,23.3,20.2
21066,19.8,16.7,17.1
22724,19.8,21.8,17
3220,19.8,19.4,16.5
31203,19.8,26.2,26.3
2299,19.8,15.6,16.6
2151,19.8,22.4,26
36813,19.8,26.6,18.3
9466,19.7,20.7,25.6
25720,19.7,12.8,12.8
30306,19.7,20.1,19.7
4480,19.7,18.3,17.1
9795,19.7,22.6,18.3
31043,19.7,18,21.7
1197,19.7,16.7,20.6
6977,19.7,19.7,16.9
23363,19.7,20,15.3
21451,19.7,12.9,37.8
10861,19.7,20,19.2
41177,19.7,14.5,11.1
25204,19.7,21.4,28.5
7658,19.7,30.8,33.8
2657,19.6,20.2,19.9
25693,19.6,27.4,26.7
1470,19.6,19,17.2
2861,19.6,23.1,24.9
3540,19.6,20.4,22.3
11167,19.6,20.4,23.1
2317,19.6,24.9,32.7
1901,19.6,18,23.4
1091,19.6,20,18.4
5448,19.6,19.5,0
41572,19.6,20,32.4
41153,19.6,24.5,19.6
2270,19.5,21.8,25.2
3866,19.5,19.9,19.7
4625,19.5,18.3,17.7
2871,19.5,18.6,17.3
2430,19.5,22.1,22
3809,19.5,23.7,26.8
6819,19.5,19.3,17.4
3501,19.5,20.7,19
3561,19.5,16,19.6
1282,19.5,17,14.1
37233,19.5,21,22
41580,19.5,15.3,22.3
4924,19.5,25.2,23.9
41402,19.5,17.5,17.3
26150,19.4,22.2,19.6
4507,19.4,17.7,21.8
6835,19.4,23.4,22.6
2936,19.4,21.5,27.4
10453,19.4,20.3,22.8
20836,19.4,16.7,16.8
13016,19.4,22.4,26.7
3504,19.4,15.1,21.7
3770,19.4,22.5,23
4988,19.4,15.7,0
23441,19.4,16.1,16.1
1266,19.4,18.8,10.8
8955,19.4,14.9,20.2
6755,19.3,18,19.2
40513,19.3,18.1,24.6
23621,19.3,21,19.7
6867,19.3,21.3,21.3
22187,19.3,14.2,14.4
2302,19.3,17,18.4
2459,19.3,18.4,21.5
5624,19.3,16.6,0
8503,19.3,14.9,16.5
20520,19.3,20.4,26.7
8596,19.3,14.3,20
8660,19.3,11.4,0
22001,19.3,41.7,37.1
6973,19.3,10.7,12.5
12020,19.3,9.8,16.8
41842,19.3,17.3,0
25183,19.3,18.9,35.4
3580,19.2,21.6,22.7
2408,19.2,19.4,22.2
23262,19.2,17.5,23.8
7111,19.2,20.2,21.5
3546,19.2,22.5,23.4
5384,19.2,22.6,18.8
31275,19.2,17.5,18.7
21245,19.2,21.6,28.9
12989,19.2,10.1,24.1
41673,19.2,21.3,6.6
11145,19.1,17.8,14.5
3626,19.1,20.4,20.1
1504,19.1,20,21.3
4598,19.1,21,20.1
9942,19.1,21.7,21.3
25256,19.1,14.8,21.3
31804,19.1,15.6,16.7
10771,19.1,10.9,15.3
4845,19.1,13.3,0
7470,19,20.2,24.8
1060,19,16.2,16.2
34244,19,13.9,15.3
2310,19,15.9,13.7
1273,19,26.7,28
5277,19,13.5,15.2
39633,19,9.3,13
7329,18.9,18.8,22.1
21005,18.9,18.9,19.5
21207,18.9,18,22.8
20753,18.9,18.8,22.7
30633,18.9,17.9,14.5
1110,18.9,20.3,25.1
7871,18.9,18.6,21.3
41223,18.9,4.4,0
21801,18.9,18.2,17.7
1161,18.9,17.1,14.7
38713,18.9,24.4,19.4
26095,18.9,21.2,18.7
8038,18.9,10.2,11.7
1095,18.9,24.6,22.6
41307,18.9,6,20.4
30106,18.8,16,22.2
3213,18.8,17.2,16.5
2409,18.8,23.3,25.4
31563,18.8,18.6,17.4
6785,18.8,19,23.6
7437,18.8,19.8,20.9
1433,18.8,14.8,16.4
7644,18.8,17.5,24.9
22537,18.8,23.3,28.9
38385,18.8,29.6,39.2
4481,18.8,12.9,16.1
9157,18.7,17.2,16.8
1571,18.7,15.3,16
8145,18.7,19.5,20.4
4642,18.7,22.8,22.4
4075,18.7,21.2,21
2251,18.7,18.7,18.6
6760,18.7,19,22.7
4502,18.7,16.6,21.1
2413,18.7,22.1,22.2
2411,18.7,21.1,21.9
3766,18.7,22.2,28.4
5245,18.7,16.9,15.8
2167,18.7,16.7,17.3
5760,18.7,23.4,15.2
3637,18.7,21.6,26.6
8228,18.7,13.6,11.5
41549,18.7,20.5,9.7
40143,18.7,17.5,15.2
31163,18.7,13,16.8
7047,18.7,24,66.6
37463,18.7,24.5,30.7
12672,18.7,15.3,12.5
34334,18.7,24.6,9.7
30307,18.7,21.4,21.6
23620,18.6,18.3,21.6
30108,18.6,12.8,13.6
3157,18.6,23,25.5
5390,18.6,18.3,19.9
23427,18.6,11.3,12
41851,18.6,23.5,0
31045,18.6,16.8,23.1
31091,18.6,20.7,20.3
41506,18.6,23.3,18.7
22092,18.6,50,0
1520,18.5,18.2,18
2328,18.5,20.4,21.4
21171,18.5,19.7,22.8
7316,18.5,20.5,24.3
1226,18.5,22.9,20.1
1124,18.5,16.3,17.4
2560,18.5,17.3,18.3
8494,18.5,19.4,18.7
1111,18.5,24.5,27.9
41503,18.5,21.4,43.3
32364,18.5,30.5,38.1
2678,18.4,21.3,24.4
3991,18.4,18.8,17.5
8304,18.4,16.3,16.1
24911,18.4,21.8,24.8
2277,18.4,25.9,33.2
7536,18.4,25,19.6
3596,18.4,17.2,18.9
30153,18.4,14.1,18.8
1224,18.4,21.4,16.4
25259,18.4,16.4,10.2
41581,18.4,20,33.3
1285,18.3,18.4,17
5313,18.3,19.7,26.2
1877,18.3,20.3,20.2
6815,18.3,24.7,21.4
3158,18.3,23.9,29.8
1875,18.3,22.3,28.7
6787,18.3,15,16.1
1540,18.3,14.7,16.7
3447,18.3,18.8,18.2
5019,18.3,19.2,22.7
38393,18.3,9.3,4
41241,18.3,25.8,25.2
8896,18.2,18.1,22
3590,18.2,20.4,23.3
4692,18.2,23.4,22.1
8677,18.2,17,21.9
2916,18.2,19.7,20.7
25336,18.2,18.3,16
12813,18.2,14.7,15.7
40165,18.2,22.9,19.5
32753,18.2,17.1,16.1
12015,18.1,19.9,20.8
3068,18.1,18.6,20.3
6753,18.1,20.1,26.3
2863,18.1,21.9,26.3
2424,18.1,16.4,15.9
2489,18.1,15.6,10
1910,18.1,13.7,17.9
8076,18.1,17.9,20.1
39104,18.1,16,13.1
5008,18.1,14.1,20.5
20661,18.1,36,41.1
23382,18.1,23.5,36.2
25738,18.1,8.5,6.3
21109,18.1,12.3,22.3
40933,18.1,14.2,19
1843,18,17.9,19.7
9744,18,15.4,15.9
1471,18,20.8,25.4
2339,18,17.5,18.1
11864,18,22.7,28.6
1921,18,16.2,25.3
3553,18,18.8,17.4
40393,18,25.7,27.9
31060,18,18.9,23.1
9928,18,17.1,17
3933,18,20,17.8
11481,18,11.3,13.1
1728,18,16.2,18.8
21562,18,18.5,8.9
39993,18,12.5,21.4
22512,18,14.1,16.2
1917,18,2.9,5.5
1475,17.9,21.1,24.7
21006,17.9,17.5,21.3
2962,17.9,18.2,18.2
1652,17.9,11.2,16.6
1201,17.9,15.4,19.6
7779,17.9,17.4,21.6
1669,17.9,16.6,18.2
25410,17.9,20.8,22.5
1612,17.9,13.9,18.7
1308,17.9,23.3,39.3
42534,17.9,,
9892,17.9,17.4,18
30115,17.9,10.5,15
5622,17.9,0,0
6804,17.8,18.4,22.4
2862,17.8,17.2,16.4
2396,17.8,15.5,15.7
32723,17.8,19.1,25.7
36614,17.8,0,0
39883,17.8,14.9,22.2
41711,17.8,12.2,7.6
41299,17.8,12.8,21.7
39213,17.8,13.5,18.9
41703,17.8,28.5,0
22787,17.8,12.9,22.9
31038,17.8,25,30.3
6938,17.7,19,20
4003,17.7,20.3,20.7
2006,17.7,15.8,16.2
32783,17.7,14.9,16.2
3805,17.7,14.1,16.1
1490,17.7,15,20.9
5621,17.7,12.5,0
7351,17.7,22.5,19.5
2879,17.7,15,27.8
4549,17.7,14.6,17.5
1026,17.7,13.6,22
30816,17.7,7,9.3
21549,17.7,12.5,0
3611,17.6,15,16.5
9914,17.6,14.7,17.2
1968,17.6,22,28.6
7686,17.6,18.8,19.5
3760,17.6,17.2,19.2
7781,17.6,23.2,26.7
3554,17.6,22.9,27.3
3524,17.6,29.8,25.4
22859,17.6,14.7,17.7
37503,17.6,19.1,24.6
22978,17.6,7.4,15
41264,17.6,21.5,20.6
23492,17.6,35.4,23.5
41844,17.6,40,0
10652,17.5,18.5,20.3
3030,17.5,16.7,11.5
7171,17.5,14.3,11
1193,17.5,18.4,20.3
10056,17.5,14.7,0
1294,17.5,15.6,21.8
31152,17.5,16.8,14
32183,17.5,13.3,15.7
24990,17.5,22.6,15.7
22119,17.5,10.3,13.1
40013,17.5,10.2,10.9
41256,17.5,23.6,24.6
38553,17.5,23.6,23.4
31103,17.5,22,18.4
38223,17.5,19.4,16.6
33683,17.4,16.8,23.2
12362,17.4,13.5,16.3
3172,17.4,24.4,22.1
26175,17.4,10.6,14.3
35904,17.4,21.7,27.8
8855,17.4,24.6,27.3
2356,17.4,17.8,23.5
23112,17.4,21.4,32.7
41327,17.4,13.3,22.7
13029,17.4,11.8,12.1
10319,17.3,10.3,12.1
10362,17.3,18,20.2
3609,17.3,17.1,16.8
33583,17.3,14.8,20
22018,17.3,17.7,23.4
2651,17.3,17.4,20
2294,17.3,17.9,15.8
32963,17.3,20.4,19.4
20774,17.3,12.1,15.5
1362,17.3,21.2,25.5
3603,17.3,14.8,16.9
8659,17.3,17.5,0
33563,17.3,23.1,15.4
30235,17.3,20.1,20.8
21434,17.3,20,27.5
8645,17.3,19.8,21.3
10280,17.3,30,27.8
36463,17.3,19.5,24.4
30282,17.3,12.3,8.8
41776,17.3,14.2,0
8864,17.3,7.8,15.7
7532,17.2,17.5,15.2
34223,17.2,20.5,24.6
6788,17.2,15.9,21.4
3570,17.2,25.2,25.2
5276,17.2,18.9,13.3
23582,17.2,20.1,23.1
30611,17.2,15.4,13.9
22584,17.2,12.1,13.2
41919,17.2,9.7,0
41560,17.2,7.8,4.1
22758,17.2,16.3,20
2491,17.1,16.6,22.6
4926,17.1,20.9,30.9
23616,17.1,14.2,20.5
2335,17.1,18.5,19
23063,17.1,16.1,19.2
2926,17.1,21.8,22.9
1040,17.1,17.2,22.6
20983,17.1,18.3,13.4
20896,17.1,14.5,14
31004,17.1,22.4,21.9
1857,17.1,20.2,21.4
1510,17.1,17.6,14.7
7780,17.1,15.6,18.4
12088,17.1,17.7,25.8
5264,17.1,18.3,11.9
1261,17.1,17.4,20.9
22381,17.1,24.4,15.9
22039,17.1,16.4,26.7
41469,17.1,23.8,28.2
37834,17.1,20.7,19.6
2917,17.1,31.2,0
22675,17.1,24.2,18.1
38273,17.1,20.4,17.9
2303,17,17.3,17
9763,17,19.4,26.1
3446,17,19.3,22.6
3563,17,16.9,19.7
9412,17,12.6,11.1
7669,17,12.6,13.4
2557,17,18.6,12.1
21830,17,17.9,21.8
21662,17,14.1,15.8
3180,17,20.2,13.2
1186,17,17.9,19.5
40673,17,14.2,15.5
41209,17,18.1,12.8
3494,17,21.3,37.9
23502,17,10.7,14
12295,17,9,6.8
41949,16.9,18,16.5
26142,16.9,18.5,20.9
1013,16.9,18.3,23.4
6782,16.9,14.8,15.9
24955,16.9,16.5,18
1784,16.9,19.4,22.1
8597,16.9,21.9,21.1
7839,16.9,10.8,15.2
22306,16.9,23.2,26.5
10860,16.9,15.6,13.6
41054,16.9,27.3,30.5
26071,16.9,24.1,17.7
30842,16.9,16.6,19.4
20618,16.9,14.2,14.5
25312,16.9,23.6,11.9
9185,16.8,16.8,21
3150,16.8,17.8,19.3
9544,16.8,20.1,24.6
3668,16.8,17.4,13.4
2869,16.8,16.8,19
3290,16.8,19.6,23.3
1513,16.8,15.9,15.5
34343,16.8,15.6,14.7
3813,16.8,23,21.7
3931,16.8,18.9,13.6
1269,16.8,17.9,12.3
41494,16.8,11.7,11.8
7187,16.8,19.6,23.1
10406,16.8,14.4,7.7
1181,16.8,10.1,11.5
3145,16.7,19.3,20.3
12586,16.7,18.1,18
1005,16.7,15.6,19.1
2490,16.7,15.7,16.5
10027,16.7,16.4,20.1
25412,16.7,11.6,13.8
12165,16.7,18.3,18.9
4740,16.7,15,21.7
30432,16.7,16.5,18.9
1361,16.7,19,25.5
9826,16.7,15.1,21.4
9032,16.7,16.4,16.4
22637,16.7,10.7,22.3
22796,16.7,12.5,12.4
9270,16.6,15.3,22.3
1566,16.6,20.2,24.2
26236,16.6,18.1,20.2
3780,16.6,17.3,22.2
23519,16.6,20.3,23.2
4938,16.6,18.9,18.5
4999,16.6,16.9,24.3
1747,16.6,18.5,19.7
3711,16.6,10.9,12.8
20870,16.6,19.2,23.1
1640,16.6,11.8,15.6
20735,16.6,24.4,26.9
8635,16.6,20.1,28.6
1557,16.6,14,12.7
1643,16.6,20.2,18.2
41423,16.6,17.5,17.5
9520,16.6,23.5,19.3
21796,16.6,27.8,30.4
10130,16.6,14,10.4
1239,16.6,9.4,11.2
1522,16.6,20,16.3
22281,16.6,19.1,16.2
2269,16.6,21.6,13.5
11744,16.6,15.2,23.3
41169,16.6,26.6,29.4
41499,16.6,42.2,34.3
41013,16.6,21,33.3
34754,16.6,29.1,23
30961,16.6,15.2,9.7
21328,16.6,28.1,29.4
7204,16.6,12.8,12.5
37764,16.6,17,3.2
7870,16.5,15.3,14.5
10779,16.5,17.5,21.7
1002,16.5,17.2,16.3
1107,16.5,18,18.1
30344,16.5,14.8,17
6836,16.5,18.5,22.7
1228,16.5,15.3,18.8
36506,16.5,3.8,7.5
23182,16.5,17.6,23.6
6865,16.4,14.5,15
2427,16.4,20.8,19.6
3956,16.4,20.2,20.3
11667,16.4,11.3,11.2
21921,16.4,12.8,12.4
41833,16.4,15.1,0
41192,16.4,18.9,39
20814,16.4,18.4,11.8
10266,16.4,17.1,15.1
42031,16.4,23,0
1519,16.3,18.8,22.7
10391,16.3,20.8,21
1590,16.3,15.7,20.6
1467,16.3,14.8,16.8
3162,16.3,18.9,24.1
20757,16.3,16.7,15.1
21323,16.3,11.5,8.8
41194,16.3,16.4,18.2
5535,16.3,15.8,25.8
37773,16.3,14.5,31.5
30185,16.3,15.1,12.1
12293,16.3,6.1,11.2
22063,16.3,1.9,14.7
21924,16.3,5.7,18.1
31082,16.3,15.6,13.4
31269,16.3,7.8,9
1528,16.2,19.5,21.9
3249,16.2,17.5,17.4
3231,16.2,15,15.3
4619,16.2,19.8,24.3
4452,16.2,12.7,15
30722,16.2,16.7,21.1
22539,16.2,19.5,22.9
23122,16.2,19.5,24.5
2074,16.2,16.3,12.4
4618,16.2,20.4,24.6
1582,16.2,18.4,24.7
3996,16.2,20.3,17.7
3808,16.2,17.1,17.9
41431,16.2,16.3,19.6
2995,16.2,15.5,13.9
37633,16.2,9,23
41472,16.2,17.3,8.6
22427,16.2,11.2,15.5
37485,16.2,20.5,33.3
41460,16.2,12.5,12.8
39443,16.2,17.5,11.1
41273,16.2,5,0
8871,16.1,13.6,12.9
7549,16.1,14.6,22.9
10364,16.1,14,14.3
22378,16.1,17.2,19.2
2951,16.1,14.4,20.2
5372,16.1,17.7,20.9
21536,16.1,14.7,17.6
1484,16,15.6,17.7
3993,16,16.2,14.4
21907,16,10.9,15.1
12693,16,18.4,19.6
34803,16,11.1,13.7
30838,16,22,22.3
1044,16,18.7,22
25561,16,9.1,8.2
31444,16,16.9,17.9
41732,16,23.3,0
3796,15.9,16.6,13.3
21571,15.9,14.2,16
23263,15.9,9.2,12.4
1523,15.9,14.4,12.8
10060,15.9,16.1,16.4
8863,15.9,16.7,19.7
1909,15.9,17.9,22.8
2601,15.9,11.7,14.2
1031,15.9,23.2,22.6
5339,15.9,19.6,17.8
1260,15.9,31.6,31.3
4947,15.9,15.5,29.5
12182,15.9,11,14.9
32243,15.9,12.6,13.8
41784,15.9,0,0
13039,15.8,17,23.1
21584,15.8,17.1,23.1
4595,15.8,18,20.3
2874,15.8,14.1,15.7
25943,15.8,22,25.4
4004,15.8,13.9,17.1
3776,15.8,14.3,11.4
30987,15.8,13.6,22.1
3156,15.8,23.6,25.1
32533,15.8,6.6,9.6
41474,15.8,24.6,9.7
30670,15.8,12.2,18.3
4844,15.7,13.7,14
6656,15.7,13.2,13.4
4992,15.7,19.9,23.6
5301,15.7,16.9,18.4
4587,15.7,18.3,22.9
4608,15.7,16.7,23.1
1275,15.7,18.1,19
20635,15.7,10.6,16.4
2439,15.7,13.6,18.4
5265,15.7,13.6,12.9
8308,15.7,14.4,18.1
12031,15.7,8.4,8.4
10880,15.7,16.2,21
2649,15.7,8.5,11.4
11866,15.7,15.8,21.8
22809,15.7,9.5,19.1
20921,15.7,14.7,6
23120,15.7,10.5,25
1971,15.7,17,17.3
34335,15.7,6.9,10.9
3273,15.6,16.1,19.4
4076,15.6,18.5,24.6
2872,15.6,17,21.4
3549,15.6,19.9,19.5
30646,15.6,15.1,14.4
34933,15.6,18.5,19.6
1906,15.6,12.9,12.8
2461,15.6,15.2,17.1
1441,15.6,14.6,18.6
5006,15.6,20.3,18.6
3272,15.6,12.7,12.4
2169,15.6,15.4,22
8848,15.6,15.9,11.9
1359,15.6,20.3,32
12850,15.6,17.2,17
9549,15.6,18.4,19.6
21068,15.6,14.6,13.3
22200,15.6,21.3,12.3
10761,15.6,12.1,18.2
12907,15.6,20.2,25.2
39233,15.6,17.3,17.4
2456,15.5,13,13.3
25083,15.5,14,11.4
2063,15.5,15.5,13.4
9543,15.5,16.1,21.2
5525,15.5,15.4,19.8
6871,15.5,12.4,16.9
5000,15.5,13.2,12.6
3601,15.5,21.1,29.4
23301,15.5,15.7,17.9
3608,15.5,15.2,17
9314,15.5,17.9,14.5
22949,15.5,15.3,30.8
7305,15.5,21.6,22.4
41302,15.5,15.7,14.9
20924,15.5,10.5,17
25227,15.5,16.6,20.1
5452,15.5,17.9,31.6
9786,15.5,10.6,14.2
41562,15.5,14.6,14.2
21482,15.5,27.7,9.2
12584,15.4,14.3,18.9
1543,15.4,14.5,13.6
4861,15.4,14.2,15.7
9912,15.4,15.8,17.4
9507,15.4,12.6,11.7
1864,15.4,18,21.5
3826,15.4,16.6,14.2
7936,15.4,18.8,26
3820,15.4,20.9,27.6
22878,15.4,13,13.5
2514,15.4,18.7,21.8
2295,15.4,13.8,13.5
1338,15.4,17.9,20.3
8495,15.4,16.1,14.5
23233,15.4,20,23.9
34793,15.4,18,17.3
3630,15.3,19.7,24.5
2471,15.3,14,13.2
41429,15.3,15.6,16.4
2864,15.3,15.8,15.9
2860,15.3,12.8,14.2
30116,15.3,12.9,12.6
26031,15.3,10.9,8.2
30352,15.3,18.3,35.8
41450,15.3,9.5,17.1
8132,15.3,15.6,17.5
1279,15.3,22.4,20.8
33733,15.3,14.2,8.6
30234,15.3,2.6,5.1
21138,15.3,4.8,5.4
4007,15.2,15,16.1
2057,15.2,18.1,18.2
8903,15.2,13.5,16.8
21002,15.2,13.7,14.2
1752,15.2,14,17.3
10813,15.2,10.7,12.8
1742,15.2,9.8,16.5
10963,15.2,13.3,20.5
41408,15.2,13.8,15
36963,15.2,14.6,13.8
5294,15.1,14.1,15.7
6810,15.1,13.6,15.9
7350,15.1,14.5,16.2
3625,15.1,13.8,15.4
21727,15.1,15.5,13.4
1587,15.1,20.4,25.1
1292,15.1,28.2,33.7
22540,15.1,11.9,17.1
20683,15.1,15.5,17.6
41632,15.1,7.2,9.6
36103,15.1,16.6,20.4
41796,15.1,28.5,0
3712,15,13.2,14.8
10684,15,16.2,19
23614,15,15,15
22769,15,11.8,22
20789,15,12.8,18.7
3810,15,17.6,17.3
4506,15,11.1,11
3792,15,10.3,17.9
3141,15,13.3,18.8
3146,15,21.3,20.8
11820,15,16.8,21
3943,15,11.1,11.8
22385,15,12.8,13.5
41337,15,9.4,13.6
21544,15,15.6,9.7
41561,15,41.6,50
32933,15,19,29.7
21136,14.9,17.7,20.9
2875,14.9,14.1,15.3
10491,14.9,14.8,17.5
30718,14.9,17.5,23.5
3662,14.9,17.3,16.8
2004,14.9,15.7,11.4
4673,14.8,15.7,17.6
6750,14.8,17,20.3
25769,14.8,13.3,16.2
2089,14.8,14.5,13.7
1805,14.8,12.8,10.6
5757,14.8,14.8,12.1
2393,14.8,13.6,18.2
12652,14.8,14.1,12.8
12425,14.8,17.6,12.5
22664,14.8,8.5,8.6
30644,14.8,16.2,21.7
22116,14.8,19.3,15
41660,14.8,0,0
8939,14.8,5.1,20.8
3764,14.7,15.1,13.7
8878,14.7,13,20.3
5263,14.7,14.7,16
1028,14.7,16.8,22
11745,14.7,19.4,29
2205,14.7,10.6,11.5
2150,14.7,15.4,15.3
1162,14.7,20.1,23.2
5461,14.7,10.6,14.6
24915,14.7,19.8,19.7
23268,14.7,23.2,28
25607,14.7,21.4,23
1485,14.7,19.3,19
30662,14.7,8.8,21.1
41274,14.7,14.1,11.5
39703,14.7,3,9.8
41597,14.7,0,0
38744,14.7,18.1,13.9
23515,14.7,12.7,10
41898,14.7,11.7,0
10195,14.6,14.9,19.2
31151,14.6,13.2,15.2
22788,14.6,13.3,11.5
25844,14.6,15.3,18.1
31013,14.6,11.4,10.3
8504,14.6,14.1,17.5
21686,14.6,17.6,21.5
34114,14.6,13.6,10.9
21958,14.6,14.2,11.7
9976,14.6,13.9,16.9
1655,14.6,13.5,37.5
21728,14.6,12.9,5.3
41649,14.6,31.4,27.2
21345,14.6,15.6,20.6
1881,14.5,15.3,15.3
10148,14.5,17.7,19.4
8221,14.5,17.1,18.8
4898,14.5,19.4,21.8
7191,14.5,13.1,15.5
3840,14.5,13.2,12.5
20995,14.5,13.4,13.2
2068,14.5,17.9,22.5
1514,14.5,5.2,8.8
1701,14.5,15.4,31.3
1983,14.5,12.9,15.1
3758,14.5,15.9,22.7
3811,14.5,8.6,14.8
12589,14.5,13.5,10
12051,14.5,10.7,22
34263,14.5,19.8,20.8
30790,14.5,15.3,22.7
31019,14.5,12.9,7.2
1477,14.4,15.3,16.7
2370,14.4,13.3,15.4
8350,14.4,14.9,16.6
1575,14.4,14.4,14.7
10176,14.4,15.6,15.4
1428,14.4,11.9,14.1
11824,14.4,16.5,16.8
2012,14.4,14.7,16.3
3539,14.4,17.7,12
22042,14.4,14.2,15.8
21928,14.4,15.8,15.5
20555,14.4,18.4,15.8
30160,14.4,6,11.8
22356,14.4,2.6,21.9
30357,14.4,12.2,12.5
41275,14.4,18.9,13.3
40823,14.4,31.4,34.3
11727,14.3,12.4,20.8
30086,14.3,12.4,18.2
22033,14.3,14.9,21.3
23608,14.3,17,14.2
9910,14.3,14.2,10.7
2168,14.3,17.3,13.5
26161,14.3,10.3,15.8
9647,14.2,13.9,17.9
2373,14.2,13.6,14.7
3812,14.2,14.2,17
9259,14.2,18.2,15
34293,14.2,19.2,22.4
1916,14.2,14.7,20.8
3930,14.2,12.6,18.3
7691,14.2,10.3,15.8
3178,14.2,19.4,28
22260,14.2,13.4,19.2
22227,14.2,16,20.3
25200,14.2,12.6,13.2
9078,14.2,10,12
4889,14.2,22,25.2
21597,14.2,17.2,15.6
37293,14.2,15.7,14.2
42527,14.2,,
30299,14.2,8.9,14.1
2935,14.2,15.3,5
41509,14.2,12.5,27.4
30514,14.2,0,0
30215,14.2,20,25
4560,14.2,10.8,24.2
21265,14.2,18.1,11.1
42045,14.2,0,0
7933,14.1,13.1,19.7
1401,14.1,13.1,13.6
3941,14.1,13,17.4
1512,14.1,16.3,19.3
26009,14.1,11.5,11.4
10170,14.1,14.6,19.5
30669,14.1,25,28.6
2991,14.1,13.7,11.9
41702,14.1,14.9,24
1236,14.1,8,9.7
25500,14.1,8.5,10.3
37634,14.1,14.4,20.5
5220,14,13,14.8
21274,14,17.8,21.3
2596,14,14.1,22.1
41173,14,12.2,18
39733,14,15,14.4
25578,14,16.1,19.5
1166,14,16.8,10.5
39396,14,11.7,19.8
22562,14,11.8,16.1
21586,14,13.2,8.2
41802,14,2.5,0
41043,14,6,2.9
41532,14,9.3,0
21799,13.9,13.2,19.4
7110,13.9,13.6,14
8404,13.9,13,17.1
22025,13.9,14.7,18.4
3309,13.9,11.7,14.2
5001,13.9,15.6,14.9
3791,13.9,13.5,16.9
1900,13.9,15.8,13.4
3781,13.9,11.4,17.1
9981,13.9,14.9,27
7296,13.9,11.1,16.4
21173,13.9,17.8,22.1
2529,13.9,15.7,16.9
37524,13.9,16.2,8.6
22897,13.9,6.9,14.4
25443,13.9,17.5,12.6
41240,13.9,16,19.5
1346,13.8,14.4,20.4
9163,13.8,15.8,16.1
25911,13.8,16.2,20.5
10387,13.8,14.8,14.5
6807,13.8,15.1,14.5
12954,13.8,16.1,15.6
5373,13.8,14.9,16
37974,13.8,15.5,20.9
3133,13.8,12.5,12.1
1019,13.8,10.2,10.5
3294,13.8,12.5,12.7
9764,13.8,8,14.1
3642,13.7,15.4,17.4
1480,13.7,14.7,14.7
7804,13.7,10.9,24.9
2624,13.7,10.7,11.9
3154,13.7,15.3,16.9
10489,13.7,11,10.5
4866,13.7,10.2,12.7
23413,13.7,14.4,18.5
9831,13.7,11.6,12.5
22955,13.7,12.9,16.6
42035,13.7,0,0
30274,13.7,3.6,8.9
25623,13.7,18.4,0
9230,13.6,20.7,20.4
9748,13.6,15.1,23.2
1581,13.6,15.6,16
1089,13.6,17.1,17.4
4788,13.6,12.6,18.9
2106,13.6,16,17.1
2876,13.6,13.4,10.4
2174,13.6,15.2,18.8
1541,13.6,16.9,14.4
2870,13.6,15.5,18.2
2597,13.6,10.4,10
7297,13.6,13.2,18.1
7119,13.6,12.2,25.9
3174,13.6,11.4,16.2
10434,13.6,13.5,16.3
22960,13.6,5.7,11.4
21113,13.6,14.5,15
3685,13.6,9.8,13.1
30686,13.6,19.3,13.9
41553,13.6,6.4,12.5
40384,13.6,15.3,11.5
12932,13.6,12.7,13.3
41750,13.6,8,5.5
41442,13.6,17.8,26.6
26094,13.6,18.4,14.5
5541,13.5,14.2,21
2905,13.5,14.8,18
3671,13.5,15.2,17.8
1699,13.5,15,18.9
7170,13.5,16.5,16.4
3147,13.5,12.4,24.1
22751,13.5,11.5,11.6
33614,13.5,16.6,12.3
7484,13.5,9.1,13.9
2350,13.5,10.7,17.4
41812,13.5,12,0
33613,13.5,16,29.8
5532,13.5,20,14.5
25237,13.5,11.2,3
25459,13.5,15,20.8
22704,13.5,4.8,10.8
31284,13.5,7.5,7.1
23258,13.5,12.1,9.7
26080,13.5,12.5,9
2385,13.4,13,16.4
1558,13.4,20,20.1
30063,13.4,16.1,17.6
21108,13.4,21.3,25.8
2531,13.4,8.2,14
11210,13.4,11.8,14.1
1638,13.4,12.7,13.1
13263,13.4,17.4,16.9
3376,13.4,12.9,13.8
25198,13.4,12.1,22.8
41145,13.4,12.7,20.5
21696,13.4,4,11.2
20988,13.3,13.5,19
2410,13.3,12.7,14.9
4646,13.3,16.4,15.7
2170,13.3,13.1,17.3
2026,13.3,11.9,15.1
2653,13.3,16,16.2
5291,13.3,11.8,14
22229,13.3,9.9,6.3
3163,13.3,13.4,16
5759,13.3,16.6,23
7560,13.3,14.6,13.1
34557,13.3,13.3,15.4
2264,13.3,10.7,13.2
7912,13.3,9.8,14.7
1093,13.3,10.9,10.6
10903,13.3,9.4,15.6
22246,13.3,25.9,12.6
3386,13.3,19.2,18.3
41475,13.3,16,7.2
41340,13.3,16.1,29.5
41304,13.3,18.7,27
25419,13.3,17.9,21.6
41893,13.3,0,0
22982,13.3,17.5,23.4
31040,13.3,10.1,10
32883,13.3,1.6,5.3
3123,13.2,12.6,13.5
8244,13.2,15.6,14.1
2058,13.2,13.8,15.9
3420,13.2,19.6,32.5
3483,13.2,15.3,17.8
2064,13.2,11.6,12.7
3591,13.2,12.6,14.1
10410,13.2,14.8,17.8
31229,13.2,14.7,17.4
40033,13.2,16.4,10.7
23269,13.2,7.2,11.7
30990,13.2,10.1,8.8
2322,13.2,11.4,9.5
21191,13.2,12.8,16.6
11505,13.2,10.6,14.2
10151,13.2,9.6,10.8
1779,13.2,5,11.6
10546,13.1,13.6,16.8
1098,13.1,14.9,15.4
35423,13.1,12.8,14.5
7401,13.1,14.1,17.3
2011,13.1,11.6,12.2
1033,13.1,12.5,10.7
22180,13.1,10.3,12.3
2144,13.1,15.4,19.3
1208,13.1,15.6,14.2
1938,13.1,12.1,12.3
41671,13.1,7.1,10
3007,13.1,9.7,7.3
2528,13.1,11,13.6
3819,13.1,10.5,8.6
39073,13.1,17.2,22.2
40883,13.1,25,0
22034,13.1,22.5,20.6
7375,13.1,9.8,19.2
23635,13.1,14.4,22.8
40063,13.1,8.6,11.9
41677,13.1,5,0
5304,13,12.3,14.3
1345,13,9.3,9.3
31081,13,12.3,17.6
8078,13,13.4,16
24973,13,18.4,22.7
1980,13,15.4,12.5
2533,13,13.1,12.7
21049,13,16,17.4
1094,13,17.5,15.5
12068,13,21.1,27.5
41836,13,20.4,0
37343,13,20.4,16.6
22205,13,9.3,9.3
7938,12.9,17.9,26.1
2083,12.9,16.9,22.4
9459,12.9,12.6,18.8
3961,12.9,14.9,20.2
4641,12.9,13.6,18.6
2944,12.9,18.4,19.3
21192,12.9,10.7,8.9
41298,12.9,9.3,28.4
41473,12.9,5.5,9
12984,12.9,30.1,29.7
10340,12.9,16.2,17.3
30948,12.9,11.7,9.6
26038,12.9,17,28.8
41495,12.9,16.1,0
21519,12.8,13.2,14.9
1358,12.8,14.3,16
3408,12.8,11.9,10.3
3558,12.8,17.6,15.5
33723,12.8,11.5,13.8
20603,12.8,13.4,11.3
25383,12.8,16.3,14.3
3564,12.8,12.5,12.5
3439,12.8,23.9,32.1
9994,12.8,10,8.3
33326,12.8,13.1,21.7
3041,12.8,7.6,11.6
30682,12.8,15.5,17.8
39413,12.8,10,14.1
23577,12.8,12.9,17.1
12090,12.8,7.8,8.3
7635,12.8,8,17.5
41254,12.8,13.3,14.4
41183,12.8,12.9,13.8
30308,12.8,12.9,17.5
26063,12.8,21.8,13.6
30634,12.8,10.2,6.3
22022,12.8,24.6,30.1
6975,12.8,11.9,16.1
21286,12.8,15.2,16.2
39353,12.8,6,12.2
23140,12.8,23,18.8
22024,12.8,9.5,11.1
33164,12.8,18.1,10
22939,12.8,9,7.6
41498,12.8,9.3,5.2
3522,12.7,12,11.5
2859,12.7,13.8,15.3
3181,12.7,15.9,18.8
2694,12.7,9.3,17.6
2172,12.7,10.8,17.9
6931,12.7,15.4,18
10248,12.7,11.6,13.4
1959,12.7,15.4,16.8
38083,12.7,10.6,11.3
2939,12.7,10.4,10
34685,12.7,8.4,12.7
25568,12.7,15.4,15.5
3467,12.7,7.8,10.3
11941,12.7,14,21
2201,12.7,19,28.3
25395,12.7,8.9,14.7
30726,12.7,12.5,6.9
22062,12.7,9.8,11.6
25595,12.7,9.7,10.3
2663,12.6,13,13
2332,12.6,11.3,12.9
3765,12.6,14.3,20.6
32943,12.6,16,15.3
3480,12.6,13,10.2
2175,12.6,11.2,15.4
1022,12.6,16,16.6
2881,12.6,9.2,11.6
1486,12.6,17,23.1
8537,12.6,11.5,13.2
7555,12.6,11.5,14.9
1555,12.6,7.8,10.5
25283,12.6,12.9,6.9
25994,12.6,11,12.5
31249,12.6,12.2,17.8
2896,12.6,17.2,15.9
7228,12.6,14.6,11.9
5429,12.6,10.1,14.6
35983,12.6,17.3,18.4
22172,12.6,4.9,7.2
20987,12.6,15.9,11.1
20984,12.6,12.3,14.2
7362,12.5,10.9,8.9
2176,12.5,14.2,16.6
6811,12.5,11.9,13.4
1675,12.5,14.5,20.5
25039,12.5,8.4,6.2
30978,12.5,14.5,13.1
26127,12.5,18.5,22.3
22368,12.5,0,24.2
30088,12.5,5.5,25
30844,12.5,14.8,17.2
2656,12.5,15.9,16.2
40593,12.5,8.3,1.5
41892,12.5,16.6,0
33473,12.5,8.5,6
41313,12.5,29.4,29.4
22574,12.5,16.3,22.8
21721,12.5,22,19.2
31795,12.5,3.1,9
4586,12.4,12.9,20.4
35493,12.4,13.8,12.8
2017,12.4,12.1,12.9
5534,12.4,12.2,13.8
10405,12.4,20.1,21.5
9236,12.4,11.2,13
30716,12.4,11.7,16.3
2583,12.4,7.9,10.5
21316,12.4,10.4,25.9
3774,12.4,13.1,11.4
3777,12.4,14.6,16
21634,12.4,13.1,15.5
3440,12.4,12.6,15
41574,12.4,11.2,10.8
23438,12.4,11.3,11.1
1563,12.4,12.7,17.3
2265,12.4,2.6,1.8
4996,12.4,13.2,15.6
3727,12.3,12,13.6
7502,12.3,13.7,20.3
5252,12.3,15.7,16.9
25490,12.3,13.5,17
3179,12.3,16.7,16.3
9256,12.3,12.3,13.3
40383,12.3,13.8,18.7
7570,12.3,15.3,14.5
30359,12.3,11.3,15.2
2930,12.3,12.5,10.8
41800,12.3,6.7,5.2
9156,12.3,10.8,16.9
25193,12.3,11.5,21
25282,12.3,5,13.6
22904,12.3,12.3,14.5
11150,12.3,4.2,7.1
35844,12.3,10.6,11.2
3634,12.2,20.2,32.2
3478,12.2,11.3,13.7
1815,12.2,12.3,13.9
1559,12.2,10,12.4
21715,12.2,14.7,12
22195,12.2,14.8,23.6
3069,12.2,10.9,15.9
3499,12.2,13.1,12.9
9194,12.2,12.3,11.2
8071,12.2,11,10.8
10020,12.2,10,13.9
7930,12.2,12.1,17.8
1589,12.2,7.6,8.3
6789,12.2,13.7,13.2
2650,12.2,13,13.3
2735,12.2,11.4,11
30819,12.2,17.1,22.7
11133,12.2,13.7,11
21963,12.2,13.4,20.8
11484,12.2,10.5,14.7
36543,12.2,12.9,14.1
7465,12.2,9.7,13
34033,12.2,22.2,14.2
3761,12.2,8.4,13
34145,12.2,7.6,10.1
22759,12.2,5.1,26.2
41706,12.2,9.3,13.3
4080,12.2,8.6,9
9590,12.2,21.5,29.8
13189,12.2,5.8,15.7
41280,12.2,11.3,14.5
21240,12.2,6,14.2
12461,12.1,16.6,25.4
2928,12.1,10.6,13.2
7730,12.1,11.2,8
30258,12.1,14.3,15.4
11689,12.1,11.2,10.7
30663,12.1,11,28.7
31147,12.1,11.6,13.5
1287,12.1,15.8,16.3
3614,12.1,16.7,23.2
35553,12.1,10.5,13.1
2033,12.1,11.4,17.7
25732,12.1,8.9,9.3
22774,12.1,13.6,11.6
1924,12.1,17.2,20.3
41260,12.1,7.9,12
26192,12.1,22.2,27.2
30972,12.1,15.2,16.1
13218,12.1,3.5,9.6
8368,12.1,5.7,4.1
2986,12,13.3,16
1544,12,13.5,18
2582,12,11.4,12
25594,12,15.7,16.8
1063,12,12.5,11.6
5537,12,14.6,16.8
1621,12,13.3,11.3
31239,12,13.5,15.5
1050,12,12.8,13
21122,12,13.7,24.6
20739,12,13,18.8
1245,12,15.5,17
37063,12,11.8,22.7
23417,12,14.1,8.8
10006,12,11.7,12.4
23343,12,6.1,5.8
1472,12,12.3,13.4
12881,12,14.7,12.3
41548,12,11,21.4
9419,12,11.4,14.7
41350,12,12.6,13.8
10418,12,12.1,10.8
38413,12,14.2,10
2855,11.9,12.3,17.4
2643,11.9,9.5,9.7
9936,11.9,12.1,16.3
2173,11.9,14.1,12.5
25306,11.9,13.3,14.2
10913,11.9,12,17.6
6901,11.9,9.2,12
21123,11.9,9.4,13.3
22455,11.9,13.3,17.2
21010,11.9,11.8,18.6
30977,11.9,18.3,28.4
22755,11.9,11.1,0
41492,11.9,15.8,15.7
1716,11.9,10,13.2
31161,11.9,9.8,12.5
22940,11.9,9.3,14.2
9283,11.9,11.3,12.9
36633,11.9,13.5,11.6
30917,11.9,12.2,14.2
1500,11.8,12.4,12.3
2868,11.8,13.2,19.5
11462,11.8,12.4,12.4
33803,11.8,10.4,23.2
7573,11.8,11,19.2
20917,11.8,9.1,10.3
7694,11.8,12.6,15.4
2946,11.8,8.6,11.2
2877,11.8,13,9.2
33163,11.8,12.5,25
1773,11.8,13.2,10.9
1497,11.8,12.2,14.6
9284,11.8,9.7,29.5
9989,11.8,9.7,12.2
35344,11.8,9.3,8.4
5310,11.8,10.4,17.4
39173,11.8,6.5,12
41410,11.8,16,9.6
12580,11.8,9.6,14
24943,11.8,18,28.7
10055,11.8,16.6,11.5
23396,11.8,20.5,20
23285,11.8,2.7,17
9621,11.7,11.6,16.9
3627,11.7,15.4,23.3
22606,11.7,11.1,11.4
3436,11.7,10.4,13.1
2812,11.7,9.7,11.8
7692,11.7,9.7,9.2
3424,11.7,13.5,14.4
30054,11.7,9.9,20.2
2071,11.7,7.2,12.9
7115,11.7,8,8.6
1284,11.7,17.1,17
10993,11.7,10.2,13.9
2055,11.7,12.9,19.8
36454,11.7,6.4,12.1
38043,11.7,15.6,18
9797,11.7,14.2,12
30249,11.7,9.7,11.8
21003,11.7,12,14.4
13240,11.7,13.2,12.8
5288,11.7,5.3,12.7
41877,11.7,14.8,11.7
31443,11.7,16.6,11.1
41782,11.7,0,0
1020,11.6,9.6,11.3
22188,11.6,12,18.7
2954,11.6,14.2,15.9
9651,11.6,10.6,11.1
22913,11.6,11.6,16.3
4617,11.6,8.8,8.9
1988,11.6,13.9,13.2
3747,11.6,10.2,12.3
23411,11.6,10.9,9.5
3183,11.6,10.2,18.7
30012,11.6,8.1,7.2
7253,11.6,12.4,17.7
1913,11.6,15.7,22.9
35134,11.6,21.2,12.6
41471,11.6,14.8,16.2
23123,11.6,12.9,15.6
23310,11.6,11.6,17.2
11523,11.6,6.6,6
22608,11.6,8.5,25
12351,11.6,6,19.6
30021,11.6,15.3,15
21180,11.6,19.5,14.2
26001,11.6,0,8.1
39823,11.6,9.5,3.7
3726,11.5,10.1,8.5
2025,11.5,11.5,9.9
1949,11.5,11.8,15
3541,11.5,12,13.4
9740,11.5,10.5,13.6
1972,11.5,12,15.9
4890,11.5,12.2,15.6
2697,11.5,9.8,14.1
3688,11.5,11.7,13.4
1613,11.5,11.8,15.8
20923,11.5,8.2,14
2537,11.5,9,13.2
1250,11.5,9.8,13.4
1286,11.5,10.5,10.8
30763,11.5,14.7,16.7
10147,11.5,5.9,9.5
12550,11.5,16.4,19.1
41269,11.5,18.8,28.1
2522,11.5,12.7,20
12896,11.5,9.8,14.1
22879,11.5,12.7,10.7
25372,11.5,11.1,17.9
41883,11.5,16.1,0
22850,11.5,15.6,34.3
10741,11.5,11.4,6.1
2961,11.5,8.6,11.7
3624,11.4,11.1,12.9
42439,11.4,11.1,
2704,11.4,11.6,16.9
40743,11.4,11.8,12.1
2171,11.4,9.1,12.5
6777,11.4,12.8,17.2
25779,11.4,12.9,13.8
3039,11.4,7.9,10.2
1969,11.4,10.4,10.5
9765,11.4,11.3,13.1
7265,11.4,9.1,20.2
31823,11.4,11,12.6
41491,11.4,16.8,20
30752,11.4,8.2,8.1
8217,11.4,9.8,8.3
21842,11.4,4.9,2.4
1272,11.4,23.2,25
24905,11.4,9.3,25
7713,11.4,6.8,17
11631,11.4,16.6,22.2
41576,11.4,15.9,10
32663,11.4,11.1,6.6
6681,11.4,7.8,0
34194,11.4,15.6,0
1459,11.3,11.6,14.9
2002,11.3,11.9,13.7
23178,11.3,8.6,8.9
6942,11.3,10.3,11.2
2177,11.3,13.3,19.3
1834,11.3,11.9,17.9
1705,11.3,15.7,19.4
11799,11.3,14.2,18.3
3306,11.3,13.7,10.7
1393,11.3,11.8,8.5
3167,11.3,13.6,17.5
2912,11.3,13.3,10.3
4893,11.3,17.2,15.3
41922,11.3,4,0
26238,11.3,16.8,16.2
41445,11.3,10.7,12.9
12860,11.3,9.5,22.3
25511,11.3,12.6,15.3
2441,11.2,11,12
1506,11.2,10.6,12.2
7394,11.2,11.7,14.1
8178,11.2,13,17.4
1925,11.2,11.1,12.4
3965,11.2,15.1,12.9
5500,11.2,10.2,11.6
1429,11.2,8.5,9.8
1933,11.2,9,8.2
41528,11.2,7.8,11.1
1639,11.2,12.7,10.6
41714,11.2,12.4,17.6
41741,11.2,13.5,25
37464,11.2,12.8,16.1
33243,11.2,7.5,9.9
21440,11.2,10.1,12.3
23407,11.2,12.9,7.6
41658,11.2,7.5,7.1
24975,11.2,15.9,23.8
21371,11.2,12.7,17.7
20902,11.2,8.8,6.1
3487,11.1,11.6,12.4
21732,11.1,9.8,16.5
7764,11.1,11.3,14.3
2856,11.1,8.7,10.8
3240,11.1,13.4,14.2
30425,11.1,15.7,16.5
2123,11.1,12.3,14.9
9047,11.1,18.3,22.9
30623,11.1,12.3,17.9
30198,11.1,14.1,19.3
3689,11.1,17.1,12.5
8037,11.1,8,9.8
21448,11.1,10.2,11.5
2953,11.1,6.1,9.2
2911,11.1,11.8,17.2
1904,11.1,13.2,16.4
6136,11.1,16,14.2
23408,11.1,13.1,17.8
1502,11.1,7.9,11
2473,11.1,10.2,12.8
1951,11.1,14,11.6
25185,11.1,7.2,8.8
26070,11.1,8.3,13.5
7921,11.1,17.7,22
10819,11.1,14,23.5
30982,11.1,0,7.8
41754,11.1,15.2,33.3
41738,11.1,1.6,26.3
36173,11.1,8.6,12.5
40433,11.1,13.5,9
11098,11.1,12.9,3.3
41859,11.1,11.1,0
3051,11,11.9,14.7
3897,11,9.1,10.1
7954,11,12.2,15.8
12606,11,11.5,17.7
3168,11,13.4,15.6
25882,11,11.8,8.7
35933,11,12.6,8.4
1547,11,8.3,5.6
31090,11,23.7,26.5
8655,11,5,7.7
12050,11,10.5,16.9
25548,11,11.4,16.3
3929,11,14.5,12.8
25326,11,4.9,7
21596,11,3.6,5.6
5335,11,9.1,14.7
30265,10.9,9.2,9.5
1047,10.9,11.4,13.2
2249,10.9,10.9,12
3612,10.9,11.9,12.1
1469,10.9,12.4,15
2315,10.9,13.3,15.2
2062,10.9,12.1,16.1
39153,10.9,22.2,29.8
23405,10.9,10.5,14.1
2117,10.9,12.3,10
41628,10.9,15.6,29.4
33673,10.9,9.2,14.1
37663,10.9,12.6,12.4
23586,10.9,16.4,19.4
13006,10.9,16,9.8
31025,10.9,5.5,9.7
41708,10.9,3.4,0
10490,10.8,14.1,14.9
3639,10.8,12.7,13.3
42485,10.8,,
2691,10.8,12.8,17.5
9664,10.8,11,17.2
30375,10.8,9.4,14.2
9226,10.8,10.8,11
9930,10.8,8.1,11.5
3450,10.8,10.3,8.3
8284,10.8,13,12.5
8918,10.8,11.1,12.7
2993,10.8,14.2,12.3
3693,10.8,12.8,13
25849,10.8,7.4,8.3
5267,10.8,14.8,11.8
1191,10.8,11.7,15.4
23047,10.8,9.1,7.8
39683,10.8,9.3,5.5
37333,10.8,16.9,19
1756,10.8,8.5,23.5
3661,10.7,10.2,9.8
2021,10.7,10.8,12.6
2488,10.7,11.5,15.8
2581,10.7,8.2,10.6
41143,10.7,6.9,6.9
25590,10.7,12.2,12.2
21531,10.7,10.8,12.2
6982,10.7,8.7,11.6
3426,10.7,12.2,12.7
41348,10.7,15.1,25
32054,10.7,10.7,13.9
40723,10.7,12.1,12.5
41063,10.7,14.7,18.7
20912,10.7,7.2,21.4
41306,10.7,9.8,21.4
21664,10.7,11.1,19
7459,10.7,8.6,9.5
2674,10.7,16.6,6.2
10727,10.6,12.6,18.5
1963,10.6,11.7,12.8
7303,10.6,16.4,26.5
10998,10.6,9.1,9.6
3823,10.6,10.4,18.1
2692,10.6,11.1,13.4
3280,10.6,11,9.6
3818,10.6,6.6,8.3
1936,10.6,8.8,12
25827,10.6,9.1,10.6
13095,10.6,15,12.7
41659,10.6,10.4,0
41387,10.6,27.8,17.1
12452,10.6,13.3,13
12026,10.6,6.6,12.2
7388,10.6,10,18
1163,10.6,10.2,10.5
37003,10.6,13.3,13.6
41694,10.6,3,0
26213,10.6,10.8,9.7
22359,10.6,6.5,3.7
42542,10.5,,
3939,10.5,0,0
3940,10.5,12.8,0
5026,10.5,0,0
5027,10.5,0,0
5028,10.5,0,0
5029,10.5,0,0
22827,10.5,12.8,0
22828,10.5,0,0
42509,10.5,12.8,
42510,10.5,12.8,
30955,10.5,10.6,6.3
1893,10.5,7.8,8.3
26110,10.5,9.8,12
22884,10.5,9.9,10.9
2005,10.5,9.1,8.6
21000,10.5,8.3,10.8
10922,10.5,10.9,11.8
9407,10.5,12.4,16.6
2638,10.5,7.1,6.7
3466,10.5,9.5,11.2
21107,10.5,6.4,6.5
4711,10.5,7.6,12.1
21059,10.5,11.4,12.1
11519,10.5,14.2,14.7
35533,10.5,13.3,19.4
22655,10.5,10,16.5
8959,10.5,19.3,17.4
13153,10.5,7.8,6.2
25524,10.5,25,22.7
41454,10.5,8.8,22.7
40213,10.5,14.2,15.7
23257,10.5,5,21.1
1399,10.5,3,10.2
3581,10.4,11.9,13.5
22449,10.4,8.3,11.9
20794,10.4,10.5,17.1
2996,10.4,11.1,12.1
3527,10.4,10.7,11.4
2610,10.4,4.6,5.8
25688,10.4,9.1,11.2
9089,10.4,7.9,8
2937,10.4,12.9,10.8
26023,10.4,8.6,8.8
30745,10.4,7.1,5.4
40353,10.4,15.5,28.1
39973,10.4,10.2,11.1
21993,10.4,12.5,19
8424,10.4,6.1,7.3
8906,10.3,12,18
3297,10.3,9.8,12.9
2559,10.3,9.8,10.3
3946,10.3,13.7,16.4
2308,10.3,7.8,12.1
23330,10.3,14.9,16.6
23166,10.3,9.5,11.4
1958,10.3,10.3,12.8
30891,10.3,7.8,11.6
25212,10.3,13.8,22.5
1955,10.3,9.5,12.8
41470,10.3,5.4,6.5
35573,10.3,9.9,7.2
41468,10.3,23,32.5
12929,10.3,6.6,16.8
21904,10.3,8.4,15.3
41550,10.3,10.2,8
1828,10.2,10,10.9
1694,10.2,13.4,13.8
2530,10.2,11,11.4
1016,10.2,11.1,13.4
1591,10.2,9.1,12.1
2857,10.2,10,11.8
7819,10.2,9.7,11.4
10097,10.2,10.1,16.3
2914,10.2,8.2,12
4513,10.2,9,15.1
2398,10.2,9.9,18
10161,10.2,16.8,14.2
32503,10.2,15.7,8.1
24926,10.2,10.7,13.7
23303,10.2,5.8,16.3
41854,10.2,15.7,0
31109,10.2,16.6,18.1
20973,10.2,11.7,16
41740,10.2,7.6,0
8658,10.2,14.2,18.6
23251,10.2,12.5,14
2386,10.2,6.1,3.3
3161,10.1,13.9,16.4
10402,10.1,13.7,16.7
1975,10.1,9.9,10.3
20748,10.1,7,10.3
12561,10.1,10.7,15
8611,10.1,10.9,15.6
23108,10.1,11.5,12.7
31153,10.1,4.7,5.8
10710,10.1,6.7,3.7
38814,10.1,10.5,16.6
41398,10.1,14.9,16.6
22110,10.1,8.3,17.1
24951,10.1,13.2,18.9
31603,10.1,13.4,14.4
22171,10,9.5,10
3152,10,8.7,10.5
1585,10,9.3,9.2
3531,10,10.6,13.1
3419,10,8.7,8.8
2502,10,8.9,9.9
3035,10,7.2,7.4
1703,10,7.9,11.3
3085,10,8.6,7.9
25034,10,12.2,8.9
3610,10,8.1,9.7
3427,10,8.3,8.7
8189,10,10.2,9.3
9739,10,18.1,12.7
6941,10,9.5,12.9
21836,10,3.3,8.5
5399,10,9.5,8
21178,10,12.6,8.7
41250,10,12.1,14.2
41631,10,10.9,0
21061,10,10.5,32.1
34455,10,13.6,12.5
9899,10,11.6,10
41448,10,12.3,10
8880,10,9.8,8.5
41624,10,10.7,6.6
22443,10,10.4,12.5
25388,10,7.2,20
22454,10,23.3,18.1
11735,10,7.8,17.3
22842,10,18.3,16
41394,10,14.8,9.2
31993,10,9.3,6.8
21951,10,0,6.1
36353,10,5.8,0
20530,9.9,8.5,7.9
1360,9.9,10.1,13.4
10198,9.9,9.8,11.6
2301,9.9,9.6,12.1
11161,9.9,8.7,12.1
1816,9.9,10.4,15.1
4736,9.9,8.9,9.5
2790,9.9,9.1,9.1
3573,9.9,12.3,21.7
2449,9.9,6.8,7.9
3600,9.9,14.8,18.5
1206,9.9,11.8,15.4
13208,9.9,8.9,8.7
41840,9.9,14.6,0
37783,9.9,2.3,18.7
3131,9.8,10.7,13.5
2536,9.8,9.9,10.2
8976,9.8,8,9.3
3665,9.8,10.7,11
5015,9.8,11.5,12
1826,9.8,10.3,13.7
3435,9.8,10.8,10
1212,9.8,10.3,13.8
1270,9.8,14.1,14.1
2041,9.8,11.1,14.6
21142,9.8,11.4,8.7
41676,9.8,9.5,8.5
1649,9.8,7.2,5.4
41347,9.8,8.2,14.4
1783,9.8,4.5,7.6
37023,9.8,15.7,23.3
21997,9.8,17.3,13.3
4899,9.8,4.7,8.5
8373,9.8,2.4,2.9
6720,9.8,17.5,18.7
7679,9.8,4.5,7.4
41622,9.8,6.6,0
25875,9.7,9.9,12.2
3321,9.7,9.5,10.5
3395,9.7,12,12.1
2931,9.7,10.7,10.1
3616,9.7,10,12.4
23372,9.7,12.9,13.5
2460,9.7,8.1,10
34835,9.7,7.3,9.5
1965,9.7,13.1,11.9
2567,9.7,6,9.6
36957,9.7,9.7,18.2
9509,9.7,10.8,11.1
30888,9.7,15.8,11
22896,9.7,4.4,19
42032,9.7,50,0
3510,9.6,9.3,11.6
1101,9.6,8.6,10.5
1807,9.6,9.6,10.7
2873,9.6,7.9,14.5
39713,9.6,6.3,10.7
3575,9.6,7.6,16.3
2075,9.6,8,7.9
2901,9.6,7.3,5
25782,9.6,8.4,9
10629,9.6,6.5,8.9
21702,9.6,10.8,12.7
33343,9.6,19,22.2
22237,9.6,15.4,10.7
41123,9.6,12.6,4.2
41745,9.6,2.9,0
32793,9.6,2.8,11.7
34303,9.6,4.6,30.6
30676,9.6,2.7,17.6
9708,9.6,8.2,24.5
5330,9.6,14.5,9
21699,9.6,12.9,18.7
31693,9.6,10.3,11.7
1090,9.5,10.2,14.6
42034,9.5,10.2,14.6
42544,9.5,,
3815,9.5,11.5,13.4
6911,9.5,9.9,11.6
30837,9.5,8.9,10.3
1003,9.5,10,12
2403,9.5,10.3,12.1
3822,9.5,7.6,11.4
3441,9.5,9.4,6.9
13007,9.5,9.9,11.9
7203,9.5,7.6,9.7
21407,9.5,10.6,21.1
25545,9.5,12.5,16.9
25485,9.5,10.2,15
39863,9.5,10.7,5.8
41619,9.5,3.7,0
6951,9.4,8.7,8.9
10542,9.4,9.3,15.8
1902,9.4,8.3,11.3
25318,9.4,9.6,10.3
3459,9.4,8,8
1811,9.4,13.2,20.2
2013,9.4,8.7,10.5
25391,9.4,11.5,16.5
39853,9.4,7,7.5
7649,9.4,7,6.8
41375,9.4,10.6,12.6
21844,9.4,13.6,9.2
9104,9.4,2.7,10.2
8437,9.4,11.2,18.6
12407,9.4,12.5,12.8
8269,9.4,8.8,7.5
22975,9.4,7.8,0
3077,9.3,11.9,14.4
1620,9.3,10.5,15
3046,9.3,10,12.4
3451,9.3,9.2,10.6
22418,9.3,8,7.4
3937,9.3,11.3,17.3
25476,9.3,10.7,16
2615,9.3,6.2,7
7486,9.3,12,14.7
8887,9.3,8.8,11.6
34165,9.3,11.3,5.6
2910,9.3,13.7,14
2007,9.3,8,10.9
1192,9.3,11,11.1
20552,9.3,11.5,13.1
35883,9.3,8.8,7.9
12092,9.3,17.9,7.1
23528,9.3,15.2,22.3
22871,9.3,5.5,8.5
21739,9.3,16.3,14.2
23501,9.3,14,14.2
1398,9.3,6,4
21435,9.3,12.8,3
41945,9.3,0,0
21659,9.3,12.1,16.1
8653,9.3,10.8,15.6
9523,9.3,17.9,11.3
12823,9.3,6.2,6.2
6838,9.3,6.6,4.4
36193,9.3,6.2,0
41905,9.3,0,0
1074,9.2,10.3,15.7
2949,9.2,8.9,10.3
1416,9.2,8.8,9.1
25154,9.2,9.4,14.8
1353,9.2,8.4,7.2
7731,9.2,9.9,8.5
7607,9.2,11.4,10.4
3525,9.2,8.2,9.5
9479,9.2,5.8,0
1945,9.2,9.1,10.2
30358,9.2,8.9,15.3
41211,9.2,9.1,15.1
1905,9.2,7.1,5
21789,9.2,23.8,6.4
41787,9.2,10.6,0
30847,9.2,11.4,39
21582,9.2,11.4,23.9
22892,9.2,14.5,19
9029,9.2,9,12.5
2580,9.1,8.2,6.8
1665,9.1,10.3,12.9
2501,9.1,10.1,11.6
1926,9.1,8.5,10.5
3239,9.1,9.6,11.2
1460,9.1,10.4,12.7
4902,9.1,14.4,16
26130,9.1,15.1,15.2
39483,9.1,8.2,19.5
22417,9.1,11.2,16.8
1023,9.1,13.2,11.7
23048,9.1,6.4,13.3
23367,9.1,4.7,11.5
2878,9,8.9,10.1
2024,9,7.7,8.7
7948,9,7.7,8.4
1827,9,9.4,14.6
2613,9,7.2,6.5
3193,9,8,8.4
8175,9,7.5,10.4
3854,9,5.3,6.2
1814,9,10.8,12
1839,9,8.2,8.5
2553,9,9.6,7.9
30399,9,13.7,16.5
21256,9,12.1,14.2
9186,9,14.1,25.2
38214,9,11.6,18.3
21691,9,7.2,9.7
10052,9,15,8.3
9992,9,3.8,5
41255,9,11.1,18.7
25696,9,10.6,9.3
10588,9,5.6,4.3
39763,9,3.3,1.6
21458,9,15.1,15.3
22671,9,2.8,10.8
8938,9,11.8,8.4
41596,9,0,0
3509,8.9,9.8,12.4
3942,8.9,10.6,11.9
1365,8.9,9.1,13.7
3357,8.9,9.4,11.2
3324,8.9,8,10.5
2534,8.9,8.2,3.4
6858,8.9,5.2,3.9
33193,8.9,4.9,7.5
21290,8.9,6,10.6
41407,8.9,14.2,14.1
11617,8.9,5.1,3.8
39655,8.9,17.3,17.5
20937,8.9,8.4,8.2
26200,8.9,15.5,11.1
5438,8.9,14.2,12.9
41179,8.9,6.5,12.7
1574,8.8,6,8.5
3404,8.8,8.7,11
3645,8.8,7.3,8.4
2777,8.8,7.8,9.1
3769,8.8,9.4,8
1891,8.8,10.9,8.6
3571,8.8,6.7,9.1
3048,8.8,7.8,9
1443,8.8,5.3,7.3
1203,8.8,9.5,6.6
22602,8.8,10.6,9.4
35554,8.8,13.6,13
41533,8.8,13.1,13
25385,8.8,8.9,12.6
23091,8.8,8.6,9.8
21758,8.8,4.4,5.5
7611,8.8,4.3,21.9
41384,8.8,13.1,13.1
12930,8.8,2.1,9.7
3100,8.7,11.1,15
3631,8.7,7.6,9.1
42295,8.7,7.6,9.1
2454,8.7,8.8,10.1
2950,8.7,13.3,16.8
1024,8.7,7.8,9.6
3318,8.7,7.6,8.1
1611,8.7,6.4,9.7
5544,8.7,8.3,12.5
3702,8.7,8.8,9.9
1725,8.7,6.4,7.7
3703,8.7,7.7,6.5
10279,8.7,7.3,8.6
1123,8.7,10.5,12.6
20797,8.7,11.9,3.7
39034,8.7,14.4,11
1597,8.7,12.9,13
37276,8.7,19.4,9.7
23260,8.7,8.1,17.9
9515,8.7,0,12.7
20744,8.7,17,12.5
2259,8.6,10.2,12.4
1758,8.6,8.3,9.3
3565,8.6,10.1,11
2020,8.6,9.4,10.7
7540,8.6,5.9,7.8
3832,8.6,7.8,8.3
2293,8.6,10,12.4
31085,8.6,10.9,13.9
21232,8.6,7.4,6.9
1846,8.6,6.6,7.6
41156,8.6,7.9,14
1708,8.6,6.1,8.3
3738,8.6,6.1,8.8
1871,8.6,13.8,14.9
21700,8.6,9.3,6.7
34903,8.6,12.2,12.1
22127,8.6,5.4,4.1
35773,8.6,16.6,2.9
23208,8.6,3.4,8.6
41644,8.6,9.5,15.9
26170,8.6,6.4,12.9
36663,8.6,13.8,6.7
12166,8.6,10,8.2
7206,8.6,14.6,11.8
25239,8.6,4.8,11.5
2450,8.6,4.5,7.6
33063,8.6,8,6.9
7473,8.6,9.8,16.6
21678,8.6,10.5,15.7
22621,8.6,4.4,8.9
41365,8.6,32.4,23
3018,8.5,9.6,11.7
11719,8.5,10.9,13.1
2498,8.5,7.9,9.8
8155,8.5,8,7.9
2032,8.5,10.3,11.6
3679,8.5,11.4,12.5
1586,8.5,5.9,6.6
20682,8.5,7.6,9.2
2052,8.5,9.2,9.3
3029,8.5,5.4,9.3
3806,8.5,7.3,9.9
20925,8.5,9.7,12.8
7050,8.5,9.2,12.9
22741,8.5,10,5.7
41604,8.5,11.3,5.4
41328,8.5,6.3,20
38143,8.5,16.6,16.3
5289,8.5,3.1,15.2
31208,8.5,8.1,13.6
30541,8.5,11.5,8.2
10952,8.5,14.2,15.3
3228,8.5,15.6,5
1977,8.4,10.4,10.2
3481,8.4,9.3,10.3
30627,8.4,9.9,12.6
2067,8.4,8.2,10.1
34003,8.4,5.2,2.6
1824,8.4,7.8,12.6
41529,8.4,13.2,31.9
26158,8.4,5.7,7.5
12059,8.4,10,17.8
20503,8.4,21.1,27.5
30520,8.4,8,24.6
42047,8.4,0,0
8310,8.3,10.6,13.1
3663,8.3,9.8,10.8
1709,8.3,10.2,9.7
3350,8.3,6.5,8.8
1939,8.3,6.5,5.8
4853,8.3,12.9,10.4
2193,8.3,9.9,7.9
7405,8.3,10.5,7.7
1929,8.3,6.3,12.8
31018,8.3,20.2,14.9
10474,8.3,12.8,11.5
3982,8.3,11.8,5.4
37733,8.3,6.5,8.9
22750,8.3,8.7,15.8
8946,8.3,7.8,7.8
35363,8.3,8.8,9.8
41400,8.3,7.9,14.4
30612,8.3,0,9
25565,8.3,16.4,20.8
21263,8.3,12.8,7.8
38383,8.3,24.6,30.3
36955,8.3,10,11.9
41343,8.3,8.6,8.3
30906,8.3,10.5,14.2
8194,8.3,8.1,9.4
42058,8.3,0,0
8694,8.2,10.9,17.6
3078,8.2,9.6,10.4
2423,8.2,7.9,8.3
2625,8.2,6,9.4
1092,8.2,9.1,10.1
9401,8.2,7.9,6.2
1847,8.2,7.3,7.8
7109,8.2,7.7,11.4
3987,8.2,7,6.5
4600,8.2,10.2,11.7
3707,8.2,13.6,15.8
3207,8.2,5.6,14.5
39873,8.2,8.3,8.1
22890,8.2,9.3,7.8
9275,8.1,9.5,9.9
1561,8.1,8.7,11.4
3500,8.1,8.2,11.3
2043,8.1,8.2,9.7
3598,8.1,7.9,9.5
21618,8.1,9.8,12.5
2540,8.1,5.6,8
9387,8.1,10.9,13.3
31136,8.1,5.6,7.7
32423,8.1,9.4,12.6
3687,8.1,9.6,12.2
3360,8.1,6.4,7.2
22019,8.1,3.3,8
21460,8.1,10.7,6.8
41735,8.1,15.2,15.7
22699,8.1,4.3,12.7
23142,8.1,7.1,12.1
22625,8.1,4.5,2.7
4027,8,7.1,9.1
3606,8,8.6,10.5
1976,8,9.7,12.5
2496,8,7.8,9.5
1817,8,10.5,12.6
2713,8,6.2,7.1
30277,8,9.9,9.8
3830,8,7.1,11.4
3049,8,8.1,9.8
7387,8,6,14.2
25830,8,11.1,22.6
2948,8,5.3,7.9
3490,8,11.8,10.4
9652,8,12.1,11.9
10975,8,9.2,11.9
2458,8,7.8,11.7
40953,8,2.4,3.7
25218,8,9.3,8.2
25258,8,10.7,12.1
41638,8,8.1,0
1120,8,21.9,16.6
3594,7.9,7.6,10
42421,7.9,7.6,
2772,7.9,6,5.5
1601,7.9,8.8,10.4
2015,7.9,7.5,9
3683,7.9,7.5,7.9
1940,7.9,5,6.7
2234,7.9,7.8,7.7
2908,7.9,11.3,9.2
41378,7.9,8.6,16.8
1246,7.9,18,29.5
20609,7.9,4.1,12.1
25400,7.9,10.4,8.1
40834,7.9,5.7,8.3
1392,7.9,6.5,10.7
41518,7.9,9.8,6.6
3690,7.9,1.7,5.4
12879,7.9,10,9.3
41701,7.9,6.9,8.6
1057,7.8,7.5,7.1
2031,7.8,7.6,9.3
3592,7.8,8.3,7.4
2566,7.8,7.2,6.4
41317,7.8,11.6,15.5
7729,7.8,10.2,12.5
3245,7.8,6.3,7.6
2579,7.8,6.1,7.8
2820,7.8,9.2,11.2
37894,7.8,7.5,19.6
35233,7.8,16.3,22.1
31703,7.8,8.4,10.4
1505,7.8,4.4,6.8
3495,7.8,7.6,7.4
1943,7.8,5,7.2
1833,7.8,7.6,8.8
4568,7.8,6.9,8.2
2709,7.8,8.4,8.4
21499,7.8,9.8,7.9
1106,7.8,8.9,12.8
22027,7.8,5.1,7
41204,7.8,19.2,28.3
1568,7.8,10.4,12.7
20630,7.8,3.1,10.3
22825,7.8,2.7,15.7
2509,7.8,2.2,6.4
8370,7.8,5.2,4.9
23388,7.8,5,4.5
25115,7.8,12.5,16.6
1616,7.7,8.3,11.4
3277,7.7,8.8,8.8
2518,7.7,7.2,9.7
4072,7.7,8.8,9.6
12500,7.7,9.5,15.4
3496,7.7,5.6,5.5
1787,7.7,5.9,7.1
3302,7.7,10.1,7.2
1594,7.7,7.5,10.6
10724,7.7,9.9,10.3
1065,7.7,11.6,11.8
3465,7.7,8.8,8.1
7289,7.7,19.1,23.4
23377,7.7,9.4,9.4
1102,7.7,6.8,6.6
2003,7.7,5.6,11
23517,7.7,13.9,19.2
41294,7.7,6.8,6.2
25298,7.7,16.5,15.6
23173,7.7,19.1,25.3
30018,7.7,14.9,19.1
6582,7.7,2.1,17.6
10168,7.7,7.1,9.8
3125,7.6,8,10
3032,7.6,8.2,9
2440,7.6,8,7.5
2447,7.6,8.2,7.6
2072,7.6,9.1,10.4
3988,7.6,8.8,9.3
3723,7.6,4.5,3.9
1004,7.6,10.3,9.8
2539,7.6,10.4,9.5
3641,7.6,9,9.7
3008,7.6,7.5,4.8
1895,7.6,12.6,11.8
25647,7.6,9.4,12.6
20903,7.6,8.8,13.9
21250,7.6,7.7,14.5
36894,7.6,7.7,5.5
23424,7.6,20.5,20.3
8886,7.6,12.6,18
25630,7.6,21.6,8
21255,7.6,8.8,6.2
21805,7.6,11.3,12.2
10529,7.6,10.9,12.5
22291,7.6,6.9,7.8
3114,7.6,6,7.5
22516,7.6,7,6.2
31048,7.6,5.2,5.2
41539,7.6,8,16.6
9607,7.6,12,15.6
41633,7.6,5.8,0
1759,7.5,5.9,6
2422,7.5,7.5,11.8
7468,7.5,6.1,7.1
2994,7.5,6.5,6.5
25971,7.5,10.6,14.2
1748,7.5,7.2,8.5
38913,7.5,8.4,11.3
25754,7.5,4.5,6.3
1717,7.5,10.8,16
1930,7.5,9.2,13
1600,7.5,6.2,7.9
21037,7.5,4,10.6
5519,7.5,1.8,0
32053,7.5,8.6,8.9
23062,7.5,9.8,21.4
10618,7.5,14.2,20.8
8505,7.5,2.7,0
2970,7.5,14,21.6
21043,7.5,16.2,17
36123,7.5,10,13
40603,7.5,4,8.5
11921,7.5,0,0
3827,7.4,8.5,10.5
2519,7.4,7.6,8.6
1599,7.4,8.6,10.2
3837,7.4,5.5,6.6
2698,7.4,7.9,11.5
2107,7.4,6.1,8.4
2464,7.4,6.1,8.1
2453,7.4,8.4,10.6
1753,7.4,7.2,9.1
10051,7.4,10.2,18
3485,7.4,6,8.4
31287,7.4,7.9,7.6
9721,7.4,10.7,12.2
1946,7.4,7.6,7.2
20564,7.4,14.8,17.1
26047,7.4,5.2,10.6
4621,7.4,12.1,10.3
41707,7.4,12.7,0
9617,7.4,6.7,4
21282,7.4,12.1,16.6
12386,7.4,12,8.5
32203,7.4,16,26.7
41748,7.4,17.6,16.6
20788,7.4,9.6,11.1
12976,7.4,9.6,10.7
1577,7.3,7.1,8.6
3599,7.3,10.5,12.3
3529,7.3,6.9,8.9
3233,7.3,7.4,6.9
3767,7.3,9.5,10
3151,7.3,4.6,7.4
2763,7.3,6.1,10.8
30799,7.3,12.3,15
41284,7.3,4.8,10.8
21706,7.3,4.2,4.2
25780,7.3,8.9,8.1
25240,7.3,6.2,11.3
25462,7.3,7.8,14.1
34224,7.3,5.6,12.2
37763,7.3,14.9,8.3
1247,7.3,11.4,8.6
12783,7.3,17.1,2
21073,7.3,2.8,8.3
5732,7.3,23.3,28.3
22345,7.3,8.9,9
7941,7.3,5.8,22.7
5426,7.3,16,15.6
21635,7.3,13.7,11.4
7916,7.3,5.7,7.6
31095,7.3,10.5,4.4
10115,7.2,8.6,11
1999,7.2,7.4,9.6
1579,7.2,6.5,6.8
1915,7.2,6.4,7.4
3955,7.2,7.5,9.7
3209,7.2,7.1,9.3
2988,7.2,7.3,5.7
1960,7.2,8.9,8.7
3586,7.2,8.1,10.2
3482,7.2,7,7.2
2001,7.2,5.9,7.3
1911,7.2,3.5,5.6
3619,7.2,13.1,12.3
41670,7.2,7.2,8.3
37404,7.2,11.7,22.6
41390,7.2,0,10.5
12347,7.2,6.6,3.7
41517,7.2,10.3,28.5
38593,7.2,9.5,10.2
9433,7.2,10.1,14.8
20657,7.2,14.2,11.9
1526,7.1,8.1,12
1780,7.1,5.5,7.2
3578,7.1,7.5,9.2
1380,7.1,6.8,6.8
2854,7.1,8.6,10.6
3418,7.1,7,9.6
3664,7.1,8.8,8.9
1487,7.1,6.9,9.4
22060,7.1,5.2,1.9
9449,7.1,11.5,19
36423,7.1,12.9,12.2
26105,7.1,3.3,4.8
21609,7.1,8.8,10.9
31207,7.1,7.1,6.6
32033,7.1,7.2,10.5
1464,7.1,3,3.2
23309,7.1,10,12.9
7391,7.1,9.3,11.2
3292,7.1,3.7,1.6
41728,7.1,3.2,28.5
41742,7.1,12.1,14.2
41778,7.1,9,0
2569,7,7.7,8.8
2842,7,7.9,8.8
2211,7,7,5.6
3323,7,6.9,8
2929,7,8,9.7
2397,7,6.9,5.6
3714,7,8.6,9.7
2696,7,8.4,14.1
1573,7,8.8,8.7
3588,7,8,9.4
2122,7,6.4,7.5
2126,7,10.4,13.6
2955,7,8.4,10.7
3033,7,5.9,10.5
2703,7,5,7.9
3672,7,6.7,7.4
31240,7,12.1,11.4
12574,7,8.5,13.5
21794,7,6.5,7.3
40403,7,7.7,10.5
13232,7,4.7,9.9
30123,7,15.9,9.5
10814,7,8.1,3.8
21748,7,14.1,14.7
21127,7,6.3,7.7
35163,7,7.7,4.2
2956,7,5.4,11.2
35193,7,5.4,8.9
2485,7,3,8.1
12802,7,5.9,5.5
23308,7,11.6,13.5
23313,7,10.2,30.7
41866,7,6,0
1081,6.9,7.3,8.5
7531,6.9,11,14.5
2188,6.9,7.8,8.6
1937,6.9,7.6,8.7
21829,6.9,6.8,8.5
1923,6.9,7,6.9
3449,6.9,6,8.2
7108,6.9,6.7,11.9
4759,6.9,4.5,10.1
3142,6.9,7.1,9.4
3164,6.9,8.7,5.7
25802,6.9,8,7.2
8260,6.9,10.5,10.8
41288,6.9,9.7,6.4
30667,6.9,11.4,17.6
30618,6.9,19.2,11.1
34184,6.9,14.8,11.1
41775,6.9,4.7,0
1572,6.8,6.1,8.9
1950,6.8,6.6,7.8
1693,6.8,6.1,6.7
3861,6.8,4.9,5.3
1867,6.8,8.7,9.1
3422,6.8,9.6,9.7
6273,6.8,4.5,7.9
4645,6.8,6.7,6.7
3709,6.8,5.8,6.8
32993,6.8,7,4.3
23542,6.8,8,12.6
21253,6.8,10,7.6
24917,6.8,5.4,7.6
41606,6.8,12.2,15.9
41650,6.8,11.7,0
6560,6.8,10.5,6
41849,6.8,0,0
10594,6.8,4.9,6
41774,6.8,19.6,0
22325,6.8,17.5,28.2
41364,6.8,1,10.2
21169,6.8,8.1,16
22486,6.8,6.3,2.7
25042,6.7,6.8,7.8
1082,6.7,7.3,10.2
1737,6.7,6.9,9.4
2981,6.7,7,8.1
1546,6.7,8.1,8.3
1149,6.7,9.2,11.8
11163,6.7,8.4,9.4
2008,6.7,7,7.5
3219,6.7,6.4,10.6
1495,6.7,7,7.7
2114,6.7,6.2,6
1724,6.7,7.1,9.8
36393,6.7,5.4,6.7
7522,6.7,6.9,5.6
3252,6.7,6.1,5.3
2769,6.7,7,8.6
2187,6.7,4.6,5.8
31052,6.7,6.1,4
41698,6.7,5.2,1.3
3351,6.7,2.4,5.1
23053,6.7,8.7,7.6
10153,6.7,4.2,2.7
1088,6.7,6.4,9.8
7113,6.7,5.9,5.6
21102,6.7,4.3,7.8
41003,6.7,19,23.3
41309,6.7,10.9,13.6
36703,6.7,4.1,6.9
34404,6.7,6.1,9
2710,6.7,8.3,4.9
30256,6.7,6.4,9.2
41382,6.7,6.6,6.3
1108,6.6,6.3,6.7
1626,6.6,6.4,8.3
1804,6.6,6,5.6
1918,6.6,7.9,8.9
3149,6.6,5.5,7
3084,6.6,5.9,6.6
3966,6.6,5.3,11.9
30309,6.6,8.4,14.1
1604,6.6,8.8,5.6
41457,6.6,8.5,10.6
41417,6.6,13.7,17.1
41577,6.6,8.2,8.7
30780,6.6,26.7,19.5
33323,6.6,7.5,3.9
41655,6.6,9,0
40387,6.6,29,28.5
22470,6.6,17,22.2
21422,6.6,12.9,21.8
26021,6.6,5.2,13.6
12421,6.6,6.6,7.2
3044,6.6,2.4,5.1
23613,6.6,3.1,4
1632,6.6,0,0
8908,6.6,3,0
13074,6.6,0,0
32673,6.5,8.9,13
11644,6.5,8.2,9
2503,6.5,7.3,7.9
2976,6.5,6,7.5
3680,6.5,5.8,8.1
3407,6.5,6.4,6.3
7022,6.5,5.5,9.5
1521,6.5,6.5,5.6
1374,6.5,6.7,7
4579,6.5,7.8,8.5
1745,6.5,6.6,8.5
20653,6.5,7,6.3
21078,6.5,6.6,6.6
36964,6.5,9.1,8.8
31263,6.5,13.5,25.1
25054,6.5,13.9,18
25703,6.5,8,7.6
33713,6.5,11.1,19.4
38033,6.5,6.8,9.6
37863,6.5,8.4,5.8
11673,6.5,5.9,4.6
3635,6.5,5.8,7.8
41667,6.5,17.7,17.5
41584,6.5,20,29.1
35135,6.5,8,2
41175,6.5,10,17.8
25602,6.5,7.9,11.2
37203,6.5,6.2,9.3
1141,6.4,7.7,11.2
32553,6.4,4.6,6.3
3320,6.4,5.2,5.1
2336,6.4,5.7,8.5
3456,6.4,6.1,9.3
1962,6.4,6.2,8.7
2140,6.4,7,8.2
2795,6.4,9.7,11.8
1578,6.4,10,7.1
22342,6.4,9.6,10.5
2044,6.4,4.1,5.1
7617,6.4,6.8,7.2
41467,6.4,27.7,0
3122,6.4,2.6,3.5
40803,6.4,12.5,3
7659,6.4,1.2,12.3
31313,6.4,3.7,3.3
7529,6.4,7.2,13.8
33293,6.4,7.6,10.1
30237,6.4,9.3,14
41369,6.4,12.2,17.2
23130,6.4,11.1,15.6
41641,6.4,6.4,14.2
31773,6.4,3.3,10.4
23214,6.4,5,0
41530,6.4,17,25
41837,6.4,14.2,0
2329,6.3,9,12.5
2260,6.3,7.6,9.5
3322,6.3,5.6,6.7
2782,6.3,4.5,6.9
3276,6.3,6.6,6.1
1605,6.3,7.3,8.3
3492,6.3,5.3,8.2
1964,6.3,5.5,4.3
1835,6.3,7,4.6
22843,6.3,9.2,3.6
41582,6.3,12.5,7.5
39143,6.3,12.3,20
21633,6.3,4.2,6.6
25876,6.3,16.4,5.3
10323,6.3,11.5,12.7
22705,6.3,13.4,5.2
30051,6.3,14.6,5
38113,6.3,3.3,2.9
21643,6.3,4.2,2.2
3656,6.2,6.8,7.3
3615,6.2,8.2,9.5
3896,6.2,5.6,6.1
3316,6.2,7.4,8
2532,6.2,4.8,5.7
11031,6.2,9,24.3
2314,6.2,7.1,9.5
7304,6.2,4.9,5.7
3557,6.2,6.8,6.7
3303,6.2,5.9,5.8
3944,6.2,5.2,11.6
2266,6.2,5.3,7.6
3225,6.2,6.1,7
2463,6.2,6.4,7
2389,6.2,4.3,5.6
41697,6.2,1.7,1.2
3066,6.2,7.1,8.4
2145,6.2,5.3,6.2
40573,6.2,9.3,15.7
2246,6.2,7.8,7.7
7593,6.2,6.7,4.9
23198,6.2,10.1,6.7
1914,6.2,8.9,9
3507,6.2,11.1,16.6
22346,6.2,10.2,14.5
36433,6.2,10,4.6
22980,6.2,7.8,4.5
31001,6.2,6.7,13.7
2149,6.2,8.1,6.5
3011,6.2,20,5
6507,6.2,0,10.8
6713,6.2,9,6.6
8380,6.2,1.9,0
41845,6.2,0,0
9743,6.1,5.4,5.3
3523,6.1,7.9,8.7
11711,6.1,7.4,10.7
2667,6.1,5.8,7.4
13231,6.1,5.8,6.7
3584,6.1,6.5,6.9
1243,6.1,4.3,5.8
1722,6.1,6.2,8
3576,6.1,6.5,9
5309,6.1,7.9,8
1684,6.1,5.3,6.7
2158,6.1,4.9,6.8
1258,6.1,4.9,5.7
2288,6.1,6.4,7.1
1183,6.1,3.9,5.9
2729,6.1,5.6,5.2
2600,6.1,4.6,8.3
37243,6.1,2.3,1.3
12123,6.1,9,11.8
22729,6.1,6,17.5
25877,6.1,0,9.6
2116,6.1,10,13.2
1448,6,7.8,11.6
1927,6,7,8.4
3623,6,5.1,8.3
7164,6,1.1,3
2284,6,7.2,6.7
3935,6,4.5,3.8
30970,6,4.9,5.5
2023,6,5.9,5.5
3431,6,6.2,6
4731,6,4.3,7.6
11859,6,7.9,5
3208,6,1.8,4
20771,6,6.1,13.3
41188,6,6.8,3.3
25208,6,9.7,9.5
41601,6,4.4,9.6
9248,6,4.3,4
12136,6,2.9,0
40024,6,6.6,0
1778,6,6.2,15
41717,6,23.3,50
41484,6,8.6,18.1
3286,6,6.2,8.1
41335,6,4,4
2330,5.9,6.1,7.7
2751,5.9,5.9,9.5
9841,5.9,4.7,7.5
1466,5.9,5.1,5.7
3771,5.9,6.6,7.9
2054,5.9,6,6.8
3315,5.9,4.9,6.3
1749,5.9,6.6,7.9
3621,5.9,6.2,6
2185,5.9,5,6
3684,5.9,4.4,5.8
3985,5.9,5.4,10.8
2668,5.9,5.4,6.9
1029,5.9,6.2,3.5
3869,5.9,6.4,6.5
2989,5.9,6.1,7.1
3430,5.9,7.8,12
23385,5.9,7.1,14.6
1343,5.9,7.8,7.6
2853,5.9,5.1,6.5
3505,5.9,6.7,5.8
20848,5.9,2.7,0.6
22805,5.9,19.2,19.7
10816,5.9,1.5,4.6
1142,5.8,6.9,9.7
2554,5.8,5,5.7
1406,5.8,4,5.6
1808,5.8,6.6,9.6
2102,5.8,5.5,8
2913,5.8,4.4,6.7
2143,5.8,6.6,8.6
3247,5.8,5.6,6.8
2957,5.8,3.9,5.6
3362,5.8,6,6.6
12483,5.8,7.9,10.7
2197,5.8,10.6,12.1
4069,5.8,7.8,8.1
1896,5.8,4,4.6
1252,5.8,4.1,6.3
1041,5.8,6.6,8.1
2523,5.8,10.1,9.1
3396,5.8,5.8,8
21506,5.8,5,8.1
10098,5.8,3.1,6.7
6577,5.8,8,6
35705,5.8,12,15.2
30672,5.8,3.1,6.2
2700,5.8,7.5,7.1
21652,5.8,3.3,1.6
21979,5.8,4.8,17
30926,5.8,22.5,18.3
30450,5.8,3.4,10.5
10017,5.8,2.9,4.9
9808,5.8,4.8,4.4
40703,5.8,2.7,2.4
22713,5.8,0,0
41686,5.8,14.2,0
41792,5.8,0,0
10374,5.7,5.9,6.6
2415,5.7,6.1,5.9
3259,5.7,7.1,8.9
7032,5.7,5.4,7.2
25423,5.7,7.2,7.2
3463,5.7,5.5,9.1
1606,5.7,4.5,6.9
1919,5.7,8.5,7.9
11113,5.7,7,2.9
10827,5.7,6.1,11.2
21744,5.7,7.3,8.9
4667,5.7,8,6.2
5034,5.7,5.4,5.9
41459,5.7,3.2,3.8
5499,5.7,17.4,25
30149,5.7,3,11.7
12078,5.7,7.5,6.2
11026,5.7,10.5,15.7
10906,5.7,5.5,11.7
8449,5.7,8.1,8.8
34923,5.7,5,0
1083,5.6,6,7
3677,5.6,5,5.7
2622,5.6,6.1,10.4
10142,5.6,6,6.7
10286,5.6,6.5,9.1
2327,5.6,7.8,8.9
2016,5.6,4.1,5.3
3266,5.6,5.1,7.5
2375,5.6,6.6,7.5
1785,5.6,4.6,4.3
2933,5.6,6.5,9.4
2744,5.6,5,5.9
2599,5.6,4.6,6.9
12912,5.6,5.7,8.8
1372,5.6,5.5,5.5
1127,5.6,3.3,6.7
1798,5.6,3,3.5
1920,5.6,3.9,6.4
3556,5.6,7,7.1
12350,5.6,7.6,8.9
20610,5.6,11.2,8.8
21879,5.6,5.8,15.2
1177,5.6,6.3,11.9
25796,5.6,4.4,5.2
1813,5.5,5.9,8.6
3216,5.5,5.1,6
7993,5.5,6.7,9.6
3678,5.5,6.4,6.7
2693,5.5,6.5,10.3
8849,5.5,5.6,6
2760,5.5,3.4,4.9
2941,5.5,8.1,11.5
5208,5.5,7.8,9.3
2512,5.5,6,8.4
6771,5.5,5.5,6.6
1255,5.5,7.7,8
2527,5.5,12.9,9.3
3477,5.5,3.8,8
41752,5.5,9.2,6.2
25770,5.5,10.2,17.7
3300,5.5,10.4,9
41653,5.5,13.6,13.1
22927,5.5,9.1,2.7
31170,5.5,16.2,33.8
12248,5.5,8.1,13
21515,5.5,8.2,10.7
37513,5.5,6.9,10.2
23202,5.5,6.3,9.5
1823,5.5,3.7,2.4
41715,5.5,0,0
41872,5.5,0,0
9635,5.4,6.8,8.9
3644,5.4,6,7.6
2975,5.4,5.5,6.2
2210,5.4,5.7,9.7
11112,5.4,6.9,8.2
1767,5.4,4.4,4.5
1253,5.4,6.2,5.9
3537,5.4,5.3,7.5
3072,5.4,6.6,6.4
3275,5.4,4.6,4.4
3110,5.4,4.4,6.5
1772,5.4,6.1,7.8
31062,5.4,4.5,7.1
3282,5.4,6.2,7
2040,5.4,6.1,7.5
12462,5.4,5,10.4
10551,5.4,7.3,16.2
2685,5.4,5,6.2
30695,5.4,6.6,9.3
2563,5.4,3.5,2.5
32353,5.4,2.9,4.3
25434,5.4,7,5
3734,5.4,6.1,3.3
22676,5.4,4.5,0
8129,5.4,10.2,10.1
9645,5.4,1,3.7
2619,5.4,7.1,4.1
6537,5.4,2.2,6.8
37813,5.4,4.6,4.1
8859,5.4,6.1,9.8
6551,5.4,6.5,8.3
26090,5.4,4.7,13.7
3544,5.4,8.3,10
21064,5.4,5,8.3
13214,5.4,5,4.4
39745,5.4,7.3,10.6
30986,5.4,19.7,6.5
33503,5.4,2.7,0
1153,5.3,5.2,7.6
11460,5.3,5.4,7
1150,5.3,5.8,7.1
3170,5.3,6.2,8
1052,5.3,6.2,8
3646,5.3,6.5,6.1
2222,5.3,5.5,8.6
2161,5.3,5.3,7.3
3328,5.3,3.8,5.2
1138,5.3,4.6,5.8
2367,5.3,5.9,6.9
1425,5.3,4.2,5.8
2850,5.3,4,8
2858,5.3,5,7.6
1008,5.3,8.6,9.4
3925,5.3,8.1,8.3
2575,5.3,4.7,6.8
2712,5.3,6.5,8.2
1821,5.3,4.7,6.3
1832,5.3,5.5,4.4
1866,5.3,8.4,9.2
2832,5.3,4.3,6.1
3543,5.3,2.9,2.6
2979,5.3,4.1,6.3
2654,5.3,5.2,6.9
7263,5.3,10.2,11.5
36175,5.3,2.6,10.6
7130,5.3,8.5,7.7
41863,5.3,0,0
41373,5.3,3,6
25566,5.3,2.9,6
25162,5.3,2.3,6.4
41687,5.3,3.7,5.5
41678,5.3,5.5,0
1537,5.2,5.3,7.4
2923,5.2,5.1,6.7
1481,5.2,6.2,7.6
1349,5.2,4.9,5.9
41215,5.2,5.8,5.9
2568,5.2,5.5,5.1
3325,5.2,5.8,5.5
3326,5.2,5.4,5.7
9345,5.2,4.1,4.4
2849,5.2,5.6,7
1055,5.2,6.1,7.7
1634,5.2,3.7,6
3560,5.2,6,6.9
9333,5.2,3.4,6.6
2334,5.2,5.3,6
1735,5.2,5.2,5.9
3270,5.2,5.8,7.7
3839,5.2,4.2,7.7
3518,5.2,4.4,6.3
1879,5.2,3.8,3.7
1072,5.2,9.6,9
32343,5.2,4.3,7.2
39653,5.2,8.7,12
6324,5.2,4.9,6.6
1953,5.2,2.8,3.3
30255,5.2,5,0
30057,5.2,8.2,19.2
21889,5.2,0,9.5
6578,5.2,2.8,2.6
25822,5.2,7.6,12.7
10122,5.2,6.2,3.4
38164,5.2,1.6,2.3
41891,5.2,14.2,0
38565,5.2,10.7,23
30962,5.2,10.5,16.6
8394,5.2,2,0
3652,5.1,6.2,7.9
1051,5.1,6.3,8.1
2029,5.1,4.1,5.5
3842,5.1,6.6,6.8
2316,5.1,5.1,5.8
1468,5.1,6.5,7.2
9769,5.1,6.4,6.8
1179,5.1,3.4,5.4
3736,5.1,4.6,4.4
12670,5.1,4.4,5
2960,5.1,5.6,6.9
3429,5.1,3.3,6.5
30439,5.1,10.2,11.2
41497,5.1,3.4,6.8
33353,5.1,0,7.6
41524,5.1,1.7,5.2
8693,5.1,4.1,4.6
10157,5.1,10.8,10.2
12348,5.1,2,5.2
41767,5.1,14.7,0
3090,5,5.1,7.1
1928,5,5.3,7.9
3474,5,6.5,6.4
2053,5,4.7,6.3
21922,5,6.1,4.9
2688,5,5.7,9
2844,5,4.7,6.5
1556,5,4.9,5
10923,5,5.1,5.4
3211,5,3,5.1
3783,5,3.3,4.6
3831,5,3.1,6.9
3109,5,4.5,5.1
23518,5,4.6,4.3
1596,5,6,6.3
2365,5,5.6,7.5
1061,5,7.7,7.9
3445,5,5.7,6.2
41247,5,8.7,9.5
3850,5,6.5,8
30523,5,8.2,13
9673,5,5.2,2.2
21206,5,3.3,4.2
1931,5,6.9,7
23245,5,7.2,8.5
41458,5,7.2,14.9
30744,5,7.3,5.8
41751,5,10.5,0
21588,5,6.6,9
21404,5,4.3,5.5
5365,5,10,12
11715,5,3.4,6.8
12042,5,9.7,4.7
3329,4.9,5.7,7.7
2010,4.9,3.8,4.3
3775,4.9,5.2,6.3
1378,4.9,4,8
3327,4.9,4.4,5.2
2607,4.9,4.7,4.3
3428,4.9,4.2,6.6
3359,4.9,4.6,4.9
2788,4.9,7,6.7
2810,4.9,4.2,5.2
3296,4.9,4.4,7.1
2808,4.9,5.5,7.4
3199,4.9,3.3,2.1
2665,4.9,4.3,14.1
2051,4.9,2.9,5.7
11621,4.9,13.7,23.3
1820,4.9,8.4,6.5
33463,4.9,4.4,5
1482,4.9,4.3,7.2
3432,4.9,3.4,6.8
11865,4.9,6.7,14.8
24821,4.9,6.3,6.9
23359,4.9,13.8,13.7
33394,4.8,5,6.6
3954,4.8,4.3,5.4
1147,4.8,4.3,6.5
1479,4.8,3.4,4.6
1674,4.8,5.5,6.2
3899,4.8,3.5,4.2
2318,4.8,4.3,5.9
1538,4.8,4.9,6.7
1903,4.8,5.3,6.1
2184,4.8,5.8,7.8
3394,4.8,4,5.1
3135,4.8,6,6
3720,4.8,3.6,4.8
3165,4.8,7.1,6.3
1488,4.8,6.9,10.9
3073,4.8,2.1,7
2548,4.8,5,4.8
9192,4.8,6,4.8
3461,4.8,8.6,11.7
31107,4.8,12.2,25.8
6494,4.8,4.8,5.2
20733,4.8,14,22.9
10641,4.8,3,7.8
22353,4.8,0,12.7
40663,4.8,3,5.8
3530,4.7,5.5,6
6725,4.7,0,0
3728,4.7,5.1,6.8
1140,4.7,6,7.6
9741,4.7,5.6,7.2
3926,4.7,5.3,7.6
2628,4.7,4.4,6.5
3366,4.7,3.1,4.8
2985,4.7,3.4,7.3
1887,4.7,3.8,3.5
2945,4.7,3.5,5.7
3470,4.7,4.9,5
3016,4.7,5.4,8.4
1281,4.7,8.4,4.4
20961,4.7,5.1,3
2129,4.7,3.8,5.8
41444,4.7,12.2,26
23585,4.7,7.6,5.8
12223,4.7,2,4.4
3184,4.6,3.8,4.9
2823,4.6,6.5,9.3
4799,4.6,5.8,10.5
2326,4.6,5.7,8.1
3921,4.6,4,4.1
2883,4.6,4.6,8.5
3023,4.6,4.6,4.9
6791,4.6,5.1,6.2
2778,4.6,3.8,6.1
41279,4.6,3.3,2.8
3229,4.6,6.4,6.7
3267,4.6,5.2,6.6
11707,4.6,6.4,11.1
3704,4.6,4.4,6
1229,4.6,2.4,3.2
36263,4.6,3.4,7.1
3875,4.6,6.3,6.8
22706,4.6,8,5.4
7439,4.6,5.8,17.4
13088,4.6,2.4,3.4
2311,4.6,4.8,10.6
41727,4.6,8.2,10.7
42033,4.6,11.1,0
21468,4.6,3.1,4
4669,4.6,7.8,14.2
8371,4.6,10.1,12.9
8446,4.6,5,5.4
39493,4.6,2.4,0
3371,4.5,5,5.6
3448,4.5,4.1,4.7
2835,4.5,4.6,5.9
38133,4.5,4.7,7
30113,4.5,4.9,6.4
1157,4.5,5.6,4.9
3191,4.5,3.1,4.2
1750,4.5,2.8,5.8
31155,4.5,3.8,5.4
2907,4.5,4.7,7.3
2817,4.5,4.4,5.6
2065,4.5,4.5,5.2
2206,4.5,4.3,11.3
2524,4.5,5.6,5.2
22612,4.5,9.5,11
24824,4.5,0,3.2
31020,4.5,7.1,7.9
21883,4.5,10.1,9.4
35183,4.5,4.6,7.5
1354,4.5,0,1.8
3364,4.5,3,0
31010,4.5,8.5,13.4
25189,4.5,6,9.5
21583,4.5,10.2,8.1
25737,4.5,7.5,5.5
35353,4.5,5.2,2.5
1489,4.4,5,5.8
2243,4.4,5.5,6.2
1786,4.4,4.9,8.1
1989,4.4,5.5,7.2
1580,4.4,4.4,6.6
21415,4.4,6.4,8.7
3732,4.4,4.2,4.2
2687,4.4,6.1,8.3
2866,4.4,5.6,6.7
7279,4.4,3.6,4.4
39803,4.4,4.1,5
3838,4.4,3.6,4
2598,4.4,5.6,6.8
2180,4.4,8.3,9.3
6731,4.4,5.4,6.4
34403,4.4,4,5.9
9863,4.4,2.6,2.6
2572,4.4,4.5,6.4
3733,4.4,5.7,8.8
2990,4.4,5.3,5.8
2337,4.4,5.3,5.7
7717,4.4,5.2,15.7
8461,4.4,2,2.2
30650,4.4,7.5,3.7
30024,4.4,3.1,6.4
32543,4.4,5,3.4
10043,4.4,0.9,3
40443,4.4,0,1.8
12848,4.4,9.6,17.6
31853,4.4,7.5,14.8
34413,4.4,11.6,11.7
30073,4.4,5.6,11.4
2833,4.4,6.6,7.1
6591,4.4,0,7.1
21568,4.4,8.5,6.8
1822,4.3,5.4,6.1
2516,4.3,4.2,5.5
2521,4.3,5.1,5.6
3005,4.3,3.5,3.6
2791,4.3,4.6,5.9
2609,4.3,3.5,5.2
2848,4.3,5.1,7
9344,4.3,3.4,5.3
3241,4.3,4.6,5.5
2482,4.3,5.5,6
3354,4.3,3.5,3.8
1889,4.3,3.9,6.7
3526,4.3,4,4.3
13022,4.3,3.5,5.4
1954,4.3,4.1,5.3
3391,4.3,4.5,5.1
2239,4.3,5.3,9.2
3243,4.3,4.4,7.3
2369,4.3,4.6,4.2
8860,4.3,5.7,2.8
22554,4.3,11,27
34183,4.3,11.2,24.2
41630,4.3,4.5,13.4
25685,4.3,5.7,10.3
2154,4.3,0,5.4
1948,4.2,4.4,5.5
2307,4.2,4.9,6.2
2377,4.2,5.4,7.2
1009,4.2,4.5,6.1
1610,4.2,3.5,5.1
2183,4.2,5.1,7.9
3932,4.2,4.2,5.3
20662,4.2,4.7,5.3
1125,4.2,4.7,6.7
1422,4.2,4.2,5.6
1768,4.2,5,5.8
2551,4.2,4.5,5.1
2517,4.2,3.1,3.8
2190,4.2,5.9,5.8
2992,4.2,5.2,4.6
2748,4.2,4.1,5.1
2608,4.2,4.7,2.6
3083,4.2,4.2,7.3
1196,4.2,2.7,4.7
2586,4.2,2.1,4.3
3799,4.2,3.5,4.1
1291,4.2,3,5.5
3301,4.2,4,3.3
2383,4.2,3.9,6.1
3794,4.2,5.8,6.1
3715,4.2,2.5,5.5
21044,4.2,9.8,21.2
3293,4.2,6.4,6.6
3285,4.2,5.7,4.3
1678,4.2,6.1,6.1
1801,4.2,4.1,5
41413,4.2,7.2,7.4
41822,4.2,12.5,0
21053,4.2,4.3,8.2
25885,4.2,11.3,15.9
1278,4.2,1.8,3.1
32403,4.2,8.7,26.1
13010,4.2,10.3,10.7
10188,4.2,1.6,1.4
41272,4.2,11.3,23.4
41455,4.2,5.7,20.6
5523,4.2,11.3,12.2
7469,4.2,0,5.8
39623,4.2,6.2,4.7
3632,4.1,4.2,4.8
1137,4.1,3.5,5.6
2360,4.1,4.4,4.7
3545,4.1,3.9,4.8
3923,4.1,4.3,4.2
1707,4.1,4,5.2
3014,4.1,3.3,3.1
3911,4.1,2.8,5
2544,4.1,3.2,2.7
2147,4.1,4.8,5.6
41359,4.1,3.2,6.6
1132,4.1,5.3,6.1
3511,4.1,5.5,2.8
33043,4.1,13.4,22.4
35733,4.1,12.8,28.1
2670,4.1,4.1,3.6
9896,4.1,7.6,11.6
7430,4.1,6.2,5.2
9660,4.1,5.5,10.2
2157,4.1,3.8,4.8
1165,4.1,5,4
8399,4.1,4,1.9
1154,4,5.7,7.2
3414,4,5.2,7.3
3471,4,4.6,4.2
41618,4,3.3,3.5
3502,4,3.6,5.3
30913,4,5.4,5.5
2226,4,4.3,5.6
2798,4,4,6.6
7893,4,4.6,6
2238,4,5.3,7.6
1771,4,3.1,6
25228,4,6.4,6.8
1706,4,5,4.6
25964,4,5.9,12.6
3620,4,6.2,8.4
1688,4,5,7.1
41004,4,0.6,3
31256,4,3.1,5.4
7881,4,3,3.6
41857,4,6.6,0
31065,4,2.8,4.3
12496,4,0,7.5
22285,4,1.6,3.9
22233,4,8,10
10864,4,6.2,7.3
9486,4,0,2
22934,4,0,2
41674,4,2.5,0
39953,4,2.2,2
1146,3.9,5.5,7.6
3920,3.9,4,4.5
2689,3.9,4.2,5.3
2394,3.9,4.1,4.4
3313,3.9,4.6,5.8
3012,3.9,3.4,4.7
1156,3.9,3.5,5.7
2342,3.9,4.9,5.2
2189,3.9,2.6,4.6
2590,3.9,4.8,4
3399,3.9,3.8,4.9
3692,3.9,4.4,5.2
33674,3.9,6.7,9.8
7085,3.9,4.2,6.6
2834,3.9,4.5,4.3
1293,3.9,4.4,4.9
1100,3.9,3.1,4.8
3698,3.9,5.5,6.8
7466,3.9,5.7,8.4
2603,3.9,3,2.3
3143,3.9,6.3,6.4
1116,3.9,3.2,7.2
24600,3.9,2.9,11.8
1700,3.9,4.2,6
7035,3.9,3.4,6.4
5007,3.9,6.2,8.1
3713,3.9,7.8,5
2742,3.9,3.4,1.5
41753,3.9,3.5,0
35793,3.9,7.1,13.5
34914,3.9,14.1,15
31021,3.9,10.9,10
1723,3.9,6.9,6.2
11059,3.9,4.5,4.6
9249,3.9,3.9,3.3
30843,3.9,5.1,2.7
10143,3.9,0,0
3379,3.8,4.3,4.2
2506,3.8,4.3,4.7
4509,3.8,2.8,2.7
1733,3.8,3.6,3.8
2621,3.8,4.1,4.9
35453,3.8,4.3,6.6
2737,3.8,4.8,4.3
3166,3.8,4.8,7.8
42087,3.8,4.8,4
1515,3.8,5.7,6
1215,3.8,5.6,6.3
2080,3.8,5,4.4
2120,3.8,2.8,4.5
10573,3.8,5.7,6.5
21175,3.8,2.9,4
4484,3.8,4.9,6.6
10836,3.8,6.3,5.6
1099,3.8,4.8,6.6
1134,3.8,3.8,5.8
8568,3.8,5.4,9.6
31042,3.8,0.6,5.4
40375,3.8,8.5,7.1
6478,3.8,0,3.7
1155,3.7,3.1,4.8
2984,3.7,4.4,6.7
1216,3.7,3.8,3.8
2105,3.7,4.9,5.6
3924,3.7,3.2,4.1
1397,3.7,2.6,3.8
1666,3.7,3.4,3.5
1741,3.7,4.3,4.7
2282,3.7,5.4,7.3
3654,3.7,4.2,6.8
3848,3.7,2.4,4.2
4765,3.7,3,6.4
1952,3.7,3.8,5
2718,3.7,4.3,7.1
10509,3.7,4.8,6.9
1800,3.7,4.6,3.7
23434,3.7,5.3,6.2
2073,3.7,3.8,3.5
31264,3.7,9.6,24.8
8263,3.7,16.8,14.3
1617,3.7,2.6,7.1
39704,3.7,3.5,4.6
6612,3.7,3.6,3.5
8365,3.7,5.8,10.5
1661,3.7,2.7,7.4
9367,3.7,6.2,5.5
20879,3.7,0,4.4
4060,3.7,6.2,6.1
3356,3.7,5.2,6
12203,3.7,3.8,6
1560,3.7,3.5,3.3
25536,3.7,3.1,12.1
6699,3.7,0,6.6
30900,3.7,4,2.6
2290,3.6,4,5.7
3735,3.6,4.5,6
6385,3.6,3.8,5.8
3210,3.6,3.9,5
2632,3.6,2.5,2.8
1746,3.6,5.7,5.8
3287,3.6,4,3.8
1403,3.6,2.9,3.6
3636,3.6,3.2,4.3
32603,3.6,5,7.6
1531,3.6,4.2,5.1
2347,3.6,4.4,6.4
41271,3.6,5.2,7.3
2279,3.6,5,8.5
1624,3.6,3.8,3.6
2076,3.6,4,4.9
1873,3.6,3.7,5.4
3686,3.6,6.8,9.2
4661,3.6,1.9,3.2
41277,3.6,2.8,0
12364,3.6,3.3,2.3
3457,3.6,2.3,2.6
3682,3.6,2.4,3.2
21244,3.6,5.4,7.9
23043,3.6,5.8,13.5
6489,3.6,2.3,0
23305,3.6,8.3,8.4
8687,3.6,2.7,0
1974,3.6,4.9,4.8
1869,3.5,3.9,5.1
1363,3.5,2.4,3.2
2841,3.5,3.7,5.6
2666,3.5,3.2,3.7
2846,3.5,2.8,4.6
2591,3.5,5,6.4
12627,3.5,2.8,5.1
3528,3.5,3.5,4.1
1842,3.5,3,4.4
1734,3.5,3.3,5.4
11678,3.5,4.6,6.3
1880,3.5,4.5,5.5
34275,3.5,7.1,12
1339,3.5,2.5,3.7
2235,3.5,3,5.3
23172,3.5,2.2,0.9
6421,3.5,1.3,2
1628,3.5,13.9,13.5
41607,3.5,2.4,6.6
25916,3.5,7.1,13.7
40053,3.5,3.9,3.9
20907,3.5,5.2,6.7
6487,3.5,3.6,5.9
9723,3.5,3.4,7.4
22775,3.5,13.7,6.5
9595,3.5,17.7,20.7
2366,3.5,8.7,12.7
9593,3.5,8.7,5.2
41488,3.5,4.2,2.2
35043,3.5,0,3.5
1139,3.4,3.8,5.5
1151,3.4,3.6,5.2
2099,3.4,3.9,5.2
3915,3.4,3.8,3.7
2690,3.4,4.5,6.5
2705,3.4,4.5,4.9
2681,3.4,3.7,5.1
2847,3.4,3.1,6.5
1097,3.4,3.1,4.4
2343,3.4,3.5,4.7
3235,3.4,4.7,4.9
20705,3.4,2.4,3.5
3045,3.4,2.5,4.4
11117,3.4,2.7,2.7
42355,3.4,2.7,
3785,3.4,2.9,2.7
3737,3.4,4.8,7.2
7572,3.4,4.8,5.5
1251,3.4,10.2,10.2
1793,3.4,6.1,3.7
1414,3.4,1.6,3.3
1868,3.4,2,3
1844,3.4,6.9,10.1
2357,3.4,0,0
30784,3.4,3,7.6
6679,3.4,2.7,4.2
6225,3.4,2,6
21116,3.4,4.3,3.3
23322,3.4,17,4.1
2629,3.3,3.5,5.2
3658,3.3,3.6,4.7
1671,3.3,4.3,6
3800,3.3,3.3,4
2268,3.3,3.9,5.1
3675,3.3,3.2,3.9
4508,3.3,3.1,5
2906,3.3,3.4,4.8
2732,3.3,4.2,5.2
2825,3.3,4,4.2
2323,3.3,4.2,6.1
20537,3.3,4.2,8.4
3536,3.3,3.6,6.9
1554,3.3,2.2,4
2228,3.3,3.7,3.9
1852,3.3,4.2,6.1
21366,3.3,3,2.9
3217,3.3,2.4,2.3
8383,3.3,2.1,2.8
30821,3.3,7.2,13.8
2248,3.3,0,1.8
25460,3.3,0,1.7
22319,3.3,1.4,1.5
6574,3.3,4.1,5.4
41416,3.3,17.9,51.7
10942,3.3,0,0
41806,3.3,0,0
2838,3.2,2.9,5.1
1710,3.2,3.3,4.6
2617,3.2,2.6,3.3
2997,3.2,3.7,3.3
3367,3.2,3.7,4.4
9145,3.2,4,7.4
1602,3.2,3.2,3.9
1641,3.2,2.1,2.9
2775,3.2,3.7,3.9
1664,3.2,4.7,3.6
3986,3.2,4.8,3.1
2805,3.2,4,4.9
3868,3.2,3.1,4.5
12872,3.2,9.1,14.6
3385,3.2,1.2,2.9
41443,3.2,2.4,4.5
30653,3.2,9.6,5.9
3884,3.2,4.4,6.3
12315,3.2,3.1,6.3
21400,3.2,3.7,3
23014,3.2,4,8.7
2093,3.2,5.2,3.9
6467,3.2,0.6,0.9
3274,3.2,0.7,3.3
9531,3.2,7,11.1
7121,3.2,2.9,2.9
2741,3.2,1.2,4.3
41329,3.2,8.8,10.9
21881,3.2,13.7,20
40293,3.2,9.3,20
2726,3.2,5,9
12206,3.2,5.7,6.4
23628,3.2,2.7,3
6683,3.2,2.8,2.7
3291,3.2,4.4,0
1509,3.1,3.2,3.5
3256,3.1,3.1,3.5
2837,3.1,3.1,4.5
1370,3.1,2.7,4.7
1321,3.1,3.4,5.7
2218,3.1,3.7,7.1
2091,3.1,4.3,6.5
3144,3.1,2.7,3.7
3384,3.1,3.2,4
1588,3.1,3.6,5.4
1302,3.1,3.9,4.6
41341,3.1,4.1,3.7
3719,3.1,3.9,3.6
1409,3.1,5.8,3.6
2148,3.1,2.2,2.8
3469,3.1,5.6,4.3
3288,3.1,2.2,1.4
21651,3.1,4,17
6191,3.1,1.8,1.2
39093,3.1,15.7,20.6
31533,3.1,8.1,9.7
33093,3.1,3.4,5.5
6435,3.1,4.1,3.2
20992,3.1,5.4,2.3
20941,3.1,0,0
1809,3,3.9,5.9
2221,3,4,5.6
3223,3,4.6,5.8
2882,3,3.3,3.7
2806,3,4.2,5.2
23344,3,11.8,23.7
3010,3,3.4,4.4
2821,3,3.5,4.4
2495,3,3.9,3.8
3423,3,3.4,5.7
3368,3,4,4.7
3134,3,5.7,6.1
3434,3,2.1,2.7
3304,3,1.6,2.8
6622,3,4.1,4.9
1220,3,2.6,2.5
2095,3,2.7,1.4
31268,3,2.9,3
40924,3,5.3,6.5
12328,3,1,2.8
3948,3,4.8,4.3
2547,3,3.1,2
30519,3,3.6,4.5
25530,3,4.3,10.3
23155,3,15.6,5.3
34253,3,3.2,1.7
22253,3,0,5.8
21252,3,4,4.5
10599,3,0,0
23374,3,10.2,0
1890,2.9,4,4.8
1117,2.9,3.6,4.1
3425,2.9,2.7,4
3696,2.9,3.7,3.8
2160,2.9,3.8,4.4
2525,2.9,3.5,4.8
3185,2.9,4.1,7.2
1342,2.9,4.3,6.2
3353,2.9,2.1,2.4
3369,2.9,3.4,3.7
1633,2.9,2.7,5.5
3694,2.9,1.8,2.8
3708,2.9,2.6,4.3
3279,2.9,1.8,1.6
1012,2.9,4.4,9.9
34733,2.9,4,6.6
24982,2.9,4.2,7.1
3981,2.9,3.5,6
41166,2.9,6.7,4.8
41184,2.9,8.1,28.3
9475,2.9,4.2,10
22321,2.9,3.5,10
41370,2.9,6.8,8.6
4117,2.9,2,2
1776,2.8,3.2,4.2
1692,2.8,2.8,4
1316,2.8,4.3,6.1
1144,2.8,3.2,3.8
2722,2.8,2.4,4.2
2388,2.8,2.8,4.4
3613,2.8,3.3,4
2354,2.8,3.2,4
3410,2.8,2.9,2.9
3406,2.8,2,2.3
2758,2.8,2.6,4
2118,2.8,3.1,3.5
3230,2.8,4.8,2.6
2671,2.8,1.6,3.4
10256,2.8,3.1,5.5
1792,2.8,4.5,3
8147,2.8,3.4,2.6
3534,2.8,1.3,4.8
39574,2.8,5.4,1
6331,2.8,0.7,0
30709,2.8,4.3,11.4
6534,2.8,6.4,7.3
2890,2.8,4.4,9.7
6417,2.8,2.9,0
10681,2.8,0,7.4
10914,2.8,8.3,14.2
7874,2.8,2.7,5
3874,2.8,0,2.3
1389,2.8,1.6,1.6
41954,2.8,0,0
1825,2.7,3.4,5.1
1892,2.7,3.2,4.1
2972,2.7,3.4,4.1
2480,2.7,3.4,4
3917,2.7,2.7,3.8
1164,2.7,2.3,3.5
2616,2.7,3.6,5.9
1322,2.7,3,3
3050,2.7,4.2,3.7
3724,2.7,3.6,3.1
3681,2.7,1.9,3.4
3036,2.7,2.6,2.2
2899,2.7,3,3.7
3392,2.7,3.8,2.6
3484,2.7,3.6,3.3
31009,2.7,3,6.9
6322,2.7,2.7,2.6
6477,2.7,6.2,0.7
7947,2.7,3.1,1.3
8259,2.7,5.6,9
37275,2.7,2.7,4.4
34984,2.7,2.5,8.3
22577,2.7,4.1,14.8
25606,2.7,9.6,3.8
12275,2.7,2.8,0
41645,2.7,5,0
2462,2.7,7.8,8.1
30333,2.7,8.3,8
34784,2.7,0,0
1313,2.6,2.7,3.8
2565,2.6,3.5,4.4
3258,2.6,2.5,2.8
2843,2.6,2.9,3.6
2765,2.6,2.1,2
3486,2.6,4.9,3.5
2241,2.6,1.5,2.5
3298,2.6,0.8,2.6
2499,2.6,3.6,5.7
1238,2.6,3.8,5.7
3753,2.6,2.4,6
1987,2.6,2.4,4.1
1542,2.6,4.7,7.1
2039,2.6,0,2.5
3506,2.6,4.5,3.4
30800,2.6,3.1,0
24950,2.6,4.3,3.9
2313,2.6,3.1,3.4
3798,2.5,2.7,4.3
1625,2.5,2.7,2.9
21553,2.5,3.6,4.8
2050,2.5,3,4.5
7273,2.5,4,6.1
1437,2.5,1.8,2.6
1133,2.5,2.7,3.8
3788,2.5,2.3,1.9
2225,2.5,4.2,4.5
3194,2.5,2.2,4.7
2086,2.5,1.5,4.6
2829,2.5,3.6,2.2
1850,2.5,3.1,4.1
1704,2.5,3.3,4.7
2414,2.5,5.4,5.6
36163,2.5,12.6,29.6
41564,2.5,16,27.7
33593,2.5,4.2,5.3
22220,2.5,3.7,1.4
21174,2.5,8.7,20.3
10720,2.5,1.8,1.9
21670,2.5,2,1.8
22768,2.5,2.7,0
35973,2.5,3,0
41397,2.5,3.5,0
41758,2.5,11.1,0
22424,2.5,5,16.2
32383,2.5,2,9
40215,2.5,7.6,7.6
2467,2.5,8.1,7.3
8586,2.5,0,2.6
1350,2.4,2.8,4.8
2779,2.4,3.6,2.5
2109,2.4,4,3.2
2851,2.4,2.1,3.7
35593,2.4,1.6,3.1
2115,2.4,1.5,4.5
25600,2.4,6.5,13.9
7291,2.4,5,6.4
36783,2.4,19.4,17.4
6689,2.4,9.6,13.2
35383,2.4,5.3,9
30725,2.4,4.2,6.5
5102,2.4,2.4,2.7
12573,2.4,2.7,2.6
7544,2.4,5.7,2.2
1320,2.3,4,4.5
1325,2.3,2.7,5.3
2380,2.3,2.7,3.2
1262,2.3,1.9,2.5
12154,2.3,3.2,5.4
10854,2.3,1.8,3.1
2236,2.3,5.2,7.8
1856,2.3,3.2,4
1799,2.3,3.3,3.7
2036,2.3,0.6,1.4
6565,2.3,4.4,3.9
23306,2.3,2.7,5.9
41559,2.3,2.3,0
41749,2.3,1.5,0
25973,2.3,6.5,15.7
23069,2.3,5,9.5
10520,2.3,2.8,0
3969,2.2,2.6,3.6
1417,2.2,2.7,3.8
1598,2.2,2.9,3.8
10395,2.2,1.5,2.8
3706,2.2,3.2,2.7
3244,2.2,2.5,2.3
12300,2.2,2.1,3.3
3458,2.2,3.1,3.3
2813,2.2,1.3,3.3
1883,2.2,2.6,2.4
3206,2.2,1.7,3.7
3856,2.2,3.2,0.9
7026,2.2,1.3,1.5
2918,2.2,1.3,2.2
41412,2.2,11.8,11.9
22151,2.2,9.8,3.8
6443,2.2,1,1.6
2749,2.2,3.2,1
34433,2.2,4.8,6
21660,2.2,13.6,22.2
3743,2.2,0,2.5
38144,2.2,2,12
8444,2.2,0,8.6
1535,2.1,3,3.6
3749,2.1,1.6,1.8
2589,2.1,2,2.9
3802,2.1,2.9,4.7
3721,2.1,2.3,2.5
3127,2.1,1.9,2
1122,2.1,2.2,2.2
1691,2.1,2.6,3.1
4071,2.1,1.7,3.1
1348,2.1,0.8,1.9
3744,2.1,1.5,1.7
2273,2.1,2.2,3.5
3262,2.1,3.7,3.6
2555,2.1,1.6,3
3238,2.1,1.1,1.3
2153,2.1,1.3,1
2192,2.1,1.3,5.6
6839,2.1,2.3,3.1
2526,2.1,3.4,1.7
3265,2.1,1.8,2.3
6606,2.1,4.3,7
2254,2.1,1.3,2.9
3519,2.1,4,4.2
36914,2.1,2.2,3.4
41627,2.1,5.3,5.7
38373,2.1,4.6,2.8
6688,2.1,0.9,1.7
34664,2.1,1.2,0
26220,2.1,0,6.6
6257,2.1,2.1,2.3
1663,2.1,2.4,10.8
9368,2.1,0,2.5
20637,2.1,5,0
38105,2.1,4.8,9.6
6583,2.1,0,1.8
41144,2.1,0,0
1315,2,1.5,2.2
1317,2,2.5,2.9
2103,2,2,2.8
1312,2,2.9,3.8
1314,2,2.3,3.1
1569,2,1.7,2.5
2739,2,2.2,1.7
3479,2,2,1.9
2292,2,3.8,6
1860,2,1.4,2.9
1036,2,0.7,1.3
1205,2,2,3.5
2371,2,2.9,3.9
33743,2,1.1,1.6
1795,2,2.3,5.2
3025,2,2,1.4
1838,2,3.6,3.4
38893,2,1.9,3.8
3389,2,3.5,2.8
1859,2,0.8,1.4
6404,2,2,2.4
4703,2,2.3,2.9
2504,2,1,1.6
1379,2,1.4,3
12309,2,2.7,3.3
8846,2,1,1
7588,2,6.3,12.1
6305,2,2.9,7.3
41761,2,15.2,15.7
33274,2,0,4.1
35943,2,2.1,2.7
41672,2,0,0
23379,2,8.1,11.1
6704,2,4.5,4.7
23357,2,2.2,4.2
38883,2,0,0
42103,2,0,0
36683,2,5.5,5.2
2785,1.9,2,2.5
2199,1.9,2.8,4.2
1431,1.9,2.4,3.7
1536,1.9,2,2.8
2836,1.9,2.9,3.5
2345,1.9,2.1,4.2
2845,1.9,2,2
2146,1.9,1.1,2.5
3746,1.9,2.3,1.7
3198,1.9,3.6,3.3
3089,1.9,2.5,2.7
2233,1.9,2.2,3.7
1169,1.9,3.9,2.1
30070,1.9,2.7,2.2
2262,1.9,3.5,5.3
6389,1.9,0.8,1.7
2840,1.9,1.3,0
2814,1.9,2.3,3.3
2181,1.9,4.2,6.3
1961,1.9,1.5,2.5
6399,1.9,2.2,3.9
4058,1.9,2.6,2
1131,1.9,2.5,0
11572,1.9,1,0.9
25554,1.9,2.4,5.6
25784,1.9,1,1.8
8377,1.9,0,4.2
6700,1.9,0,0
11919,1.9,0,8.6
1143,1.8,1.6,3.1
10149,1.8,1.9,2.2
3979,1.8,1,1.9
3804,1.8,3.8,4.5
3797,1.8,3.2,2.4
2731,1.8,1.9,2.4
3647,1.8,2.1,2.7
1295,1.8,2.2,3.7
2885,1.8,0.6,1
1732,1.8,3.6,5
6228,1.8,3,0
8369,1.8,1.6,4.2
2759,1.8,3.1,3.1
36523,1.8,5.6,15
36863,1.8,3.1,5.7
3075,1.8,9.5,5.1
10228,1.8,0,3.5
11765,1.8,2.7,1.9
8492,1.8,4.9,11.5
8452,1.8,0,5.5
1328,1.7,1.2,1.8
1775,1.7,2.1,3.5
3790,1.7,2.2,3.8
9058,1.7,2.7,3.6
1326,1.7,2.2,2.9
3212,1.7,2.3,1.8
2699,1.7,2.8,2.4
1676,1.7,2.5,2.1
2816,1.7,2.4,2.2
3401,1.7,0.5,1.3
3227,1.7,3.1,3.5
2139,1.7,2.3,3.6
9862,1.7,3.1,2.3
2224,1.7,2.5,1.2
2229,1.7,2.3,1.8
41834,1.7,20.8,0
1173,1.7,0,0
12744,1.7,5.9,6.2
23230,1.7,0,0
3754,1.6,2.1,2.6
1371,1.6,1.4,1.9
3919,1.6,1.8,1.8
11649,1.6,2.5,3.9
2165,1.6,1,1.8
3402,1.6,2,2.5
1385,1.6,1.7,0.9
2477,1.6,1.6,3.1
3659,1.6,2.4,3.3
2541,1.6,2,3.6
1200,1.6,1.5,3.4
3237,1.6,2.2,1.8
2108,1.6,2.9,3.5
41483,1.6,0.3,1.5
2886,1.6,1.9,2.9
22855,1.6,2.2,3.6
22204,1.6,1.6,2.2
11732,1.6,0.7,0
22095,1.6,0,7.1
23289,1.6,2,1.6
10692,1.6,10.1,0
6165,1.6,1.4,9.4
31943,1.6,5.4,7.2
11567,1.6,2,3.3
41239,1.6,8.5,1.5
2974,1.5,1.6,2.3
1564,1.5,2.1,2.4
10674,1.5,1.8,2.2
36983,1.5,0.9,1.9
2903,1.5,1.7,3.3
2133,1.5,2.4,2.4
3691,1.5,1.1,1.6
2124,1.5,1.1,1
1788,1.5,1.6,2
3197,1.5,1.6,1.9
2014,1.5,0.5,0.9
1109,1.5,1.1,3.3
2639,1.5,2.2,2.6
3411,1.5,2.2,2.7
3651,1.5,2.1,3.5
3268,1.5,2,2.6
9768,1.5,1.1,3.1
1424,1.5,0.9,1.5
2227,1.5,3.3,5.1
10365,1.5,2.2,6.6
3065,1.5,0.9,1.5
38743,1.5,4.5,6
23192,1.5,2,2.7
1172,1.5,3.3,3.1
2626,1.5,1,3.5
25000,1.5,1.4,5.4
1721,1.5,6,13
2892,1.5,2.9,2.4
20876,1.5,2.6,0
40313,1.5,2.7,7
35324,1.5,19.5,5.7
2130,1.4,1.8,2
2707,1.4,1.7,2
3378,1.4,1.1,1.3
1434,1.4,2.1,3.3
1402,1.4,1.1,1.4
1329,1.4,3.3,3.5
2542,1.4,2,2
2208,1.4,2,2.1
2642,1.4,1.3,1.7
41426,1.4,1,0.4
13103,1.4,0.7,2.5
2474,1.4,0.8,1.3
6693,1.4,1.7,0.9
1341,1.4,1.6,5.1
11245,1.4,0.9,0.4
31733,1.4,4.9,4.7
2194,1.4,1,0.7
22372,1.4,3,2.4
37323,1.4,3.6,8
3263,1.4,2.7,2.5
6715,1.4,3.7,7.6
9428,1.4,1.7,0
1444,1.3,1.2,1.4
1739,1.3,1,1.3
2346,1.3,2.3,2
3421,1.3,1.2,0.9
3086,1.3,2.2,2
1854,1.3,2.3,5.9
41435,1.3,2.4,0
3042,1.3,1.3,2.9
3835,1.3,1.7,1
2038,1.3,1.3,0.6
22141,1.3,1,0.6
1436,1.3,6.8,8.4
21383,1.3,2.4,3.8
23580,1.3,1.2,1.1
6438,1.3,1.4,1.6
6694,1.3,4.4,3.5
41594,1.3,0,0
2325,1.2,1.6,2.1
3895,1.2,1.5,1.6
2128,1.2,0.6,1.4
2894,1.2,2,2.5
3535,1.2,1.4,1.3
2978,1.2,1.2,1.3
2927,1.2,0.9,2.4
2783,1.2,1.2,2.2
3892,1.2,2.9,2.5
1803,1.2,2.7,5.4
41314,1.2,2.2,3.1
20681,1.2,1.1,0.7
9085,1.2,1.3,1.6
3742,1.2,4.7,4.7
1207,1.2,1.2,0
21019,1.2,1.2,2.7
39743,1.2,1.6,0
4056,1.2,3.2,6.3
7178,1.2,1.2,4
10915,1.2,1.4,0
9086,1.2,1.4,2.7
3670,1.1,1.2,1.3
2077,1.1,1.5,1.7
3863,1.1,1.3,2.5
3778,1.1,1.5,2.3
3024,1.1,1.2,1.3
3224,1.1,1.5,1.1
1874,1.1,2.5,3.2
3037,1.1,2.5,6.6
6677,1.1,3,1.4
3768,1.1,1.7,1.1
30719,1.1,2.7,2.9
9756,1.1,0.6,0.6
21021,1.1,2,0
21601,1.1,4.8,6.3
40764,1.1,2.6,0
3388,1,1.1,2
3289,1,1.1,0.9
4952,1,1.2,3.4
2178,1,1.7,1.7
2587,1,2.4,1.9
2734,1,3.3,2.4
8916,1,0.8,3.9
2669,1,1.5,2.7
2701,1,2.6,2.7
22425,1,0.7,1.4
31226,1,2,14.5
2340,1,0.4,2.3
30691,1,1.6,1.6
35103,1,2.5,1
3697,1,2.3,2.2
6181,1,2.5,0
4707,1,2.6,3.3
20758,1,4.6,9.7
21636,1,1.5,0
41512,1,3.6,5
20690,1,1.6,3.1
31070,1,2.6,2.1
26037,1,1.2,0
11385,1,2.9,5.4
3745,0.9,1.7,1.7
1774,0.9,1.4,1.4
2219,0.9,1.5,2.3
2803,0.9,1.8,1.9
2573,0.9,1.7,1.4
1698,0.9,1.8,1.6
9800,0.9,0.7,0.3
2341,0.9,1,1.1
2379,0.9,0.2,2.4
1696,0.9,2.2,3.8
3409,0.9,2,3.3
2839,0.9,0.9,0.2
3284,0.9,0.8,1.6
3253,0.9,3,1.7
2391,0.9,0.3,2.3
4949,0.9,0.4,2.1
1347,0.9,0.9,3
6695,0.9,1.1,2.2
3031,0.9,2.7,2.2
6461,0.9,1.5,0.8
7087,0.9,5,2.4
10138,0.9,4,3.6
2627,0.9,2.4,2.3
6842,0.9,1.1,1.2
1174,0.9,2.8,1
6392,0.9,2,7.7
1445,0.8,0.6,0.9
2155,0.8,0.9,1.9
2520,0.8,1.4,3
2104,0.8,0.5,1.6
3705,0.8,0.6,0.9
12393,0.8,1.2,0.8
4951,0.8,0.9,1.3
3438,0.8,1,1.3
2209,0.8,2.3,3.1
3352,0.8,1.6,2.6
2217,0.8,0.7,0.4
31258,0.8,0.5,2.1
1836,0.8,1.7,1.6
2889,0.8,0.8,1.4
23209,0.8,10.8,38.6
40963,0.8,2.5,1.1
22460,0.7,0.4,0.8
1218,0.7,1.6,3.1
2078,0.7,1.4,2.9
1305,0.7,0.8,1
2382,0.7,0.5,1.6
22779,0.7,0.6,0.3
10019,0.7,1.6,1.1
31763,0.7,15.6,24.5
25340,0.7,0.7,0
6240,0.7,3.3,5.5
1171,0.7,0,0
38834,0.7,5.3,28.4
25464,0.7,0,4.3
2711,0.6,1,1.5
3242,0.6,0.7,0.9
1426,0.6,0.6,0.9
4882,0.6,0.7,1.1
1855,0.6,0.4,0.8
3947,0.6,0.7,1.4
2708,0.6,0.8,2.4
2361,0.6,1.5,2.8
2092,0.6,7.2,0
31913,0.6,1.7,4.9
3562,0.6,2.4,1
7845,0.5,1,2
1319,0.5,0.7,0.3
2353,0.5,1.4,2.3
2121,0.5,1.1,1
40653,0.5,0.5,3.6
22444,0.5,0,1.5
2728,0.5,2.1,1.8
12277,0.5,0.4,2.4
9747,0.5,0,1.9
2920,0.4,0.6,1.1
1840,0.4,0.6,0.8
24827,0.4,0.9,1.4
2141,0.4,2.5,1.9
2784,0.4,0.2,1.2
4977,0.4,1.7,1.1
1830,0.4,1.7,2.4
3803,0.4,2,1.7
8067,0.4,0.8,0.4
24535,0.4,0,0
3311,0.4,0.4,0.5
1352,0.4,0,1.1
6895,0.3,0.8,0.8
7012,0.3,0.8,1.3
3604,0.3,1.7,1.3
1781,0.3,1.1,1.2
2895,0.3,0.3,0.3
2358,0.3,2.2,1.6
10338,0.3,0,0.9
11934,0.3,1.2,3.1
22316,0.3,0.7,0.3
1657,0.2,0.2,0.3
22333,0.2,0.5,1.2
30908,0.2,0.3,0.8
2677,0.2,0.4,2.3
31713,0.2,0.5,0
12358,0.1,0.1,0.6
1659,0.1,0.5,0.6
1249,0,2.8,2.2
2275,0,2.4,1.3
24544,0,0.4,0
37093,0,1.5,0
2887,0,0.5,0.5
21891,0,3.7,15.6
1689,0,0.8,0
3370,0,1.6,0
4054,0,0.3,0
3517,0,0,0
10501,0,2.5,0
6445,0,4,4.3
1230,0,0,0
39394,0,9.4,15.6
11282,0,0,2.8
10472,0,0,0
6639,0,1,4.6
8587,0,0,2.9
6420,0,0,0
39393,0,0,0
2164,0,1,0
9987,0,0,1.3
2457,0,1,1
33333,0,0,2
6214,0,1.4,3.7
7783,0,0,0
34373,0,0,4.5
30431,0,0,7
33554,0,0,2.5
9929,0,0,0
21623,0,0,0
9782,0,1.8,1.8
7705,0,0,0
31564,0,3.1,5.4
21579,0,12.2,5
11683,0,1.4,2.7
2740,0,0,1.5
32253,0,3.5,10.9
1170,0,0,0
21989,0,5.4,2.7
20955,0,1.5,0
10084,0,0,0
41305,0,0,0
21200,0,0,0
39463,0,0,0
41932,0,0,0
1682,0,4,5.4
41612,0,2,0
30323,0,3.8,5.5
38243,0,0,0
1256,0,4,14.6
24908,0,0,1.5
3393,0,4.6,2.6
34296,0,4,2.6
30761,0,0,7.6
31643,0,0,3.7
34633,0,0,1.9
38295,0,2.9,6.9
6448,0,2.3,2
9232,0,0,2
13134,0,0,0
38724,0,0,0
38533,0,2.6,1.5
22296,0,0,0
41668,0,6.1,28.5
38684,0,3.3,15.7
37573,0,12.2,12.7
25203,0,1.4,6.7
8665,0,5.4,3
7632,0,6.4,2.5
8460,0,2,2.1
36953,0,2.5,0
41725,0,0,0
30887,0,0,2.6
1712,0,4.8,0
30980,0,1.2,0
2494,0,1.9,4.3
9860,0,0,0
32803,0,0,0
1907,0,0,0
10675,0,2.1,2.8
22993,0,0,2.8
34297,0,4.1,2.3
1296,0,3.4,6.6
1897,0,0,2.7
9442,0,2.4,2.5
5279,0,2.5,2.3
1789,0,5.1,2.2
30501,0,0,0
31169,0,0,2.6
2242,0,1.2,1.1
22736,0,5.4,0
30954,0,2.6,10.5
2331,0,0,5.2
8398,0,0,4.2
23299,0,0,4.1
6692,0,2,0
25457,0,0,0
1288,0,4.2,5.8
38333,0,5.4,4.2
8200,0,3.7,2.8
12766,0,0,1.9
8670,0,1.9,0
41385,0,0,0
32483,0,4.8,9
9084,0,3,3.5
10589,0,0,0
41437,0,0,0
10067,0,0,9.4
4012,0,3.8,4.4
6697,0,6,0
20524,0,0,0
36143,0,0,0
25089,0,0,8.3
10089,0,12.5,0
30772,0,16.1,14.7
11614,0,6.2,7.6
8920,0,2.1,5.7
22100,0,0,3.2
22734,0,3.3,3.1
3251,0,2.4,2.9
22743,0,0,0
