UNITID,private_nonprofit_total_salary_wage,public_total_salary_wage,privateprofit_total_salary_wage
100690,4021869,NULL,NULL
100937,16405285,NULL,NULL
101073,3967630,NULL,NULL
101189,19262003,NULL,NULL
101435,8622688,NULL,NULL
101453,1262058,NULL,NULL
101541,4138449,NULL,NULL
101675,11699175,NULL,NULL
101693,10781787,NULL,NULL
101912,15835685,NULL,NULL
102049,61145224,NULL,NULL
102058,1348022,NULL,NULL
102234,13062828,NULL,NULL
102261,779170,NULL,NULL
102270,8199173,NULL,NULL
102298,5528897,NULL,NULL
102377,47010730,NULL,NULL
102395,2874956,NULL,NULL
102580,425388,NULL,NULL
102669,7622152,NULL,NULL
103778,33499266,NULL,NULL
103787,963715,NULL,NULL
103945,875562,NULL,NULL
104665,498748,NULL,NULL
105589,8247145,NULL,NULL
105899,5038286,NULL,NULL
106306,6665309,NULL,NULL
106342,5750596,NULL,NULL
106546,5998742,NULL,NULL
106713,3982099,NULL,NULL
106810,1098134,NULL,NULL
107044,43459785,NULL,NULL
107080,19838306,NULL,NULL
107123,924850,NULL,NULL
107141,20289864,NULL,NULL
107512,12328243,NULL,NULL
107558,8067209,NULL,NULL
107600,7193679,NULL,NULL
107840,763023,NULL,NULL
107877,2902172,NULL,NULL
108269,914888,NULL,NULL
108852,2977231,NULL,NULL
108861,941950,NULL,NULL
108870,11822551,NULL,NULL
109086,9512380,NULL,NULL
109651,35538000,NULL,NULL
109785,109592195,NULL,NULL
110060,1219685,NULL,NULL
110097,64092810,NULL,NULL
110307,3925801,NULL,NULL
110316,13431552,NULL,NULL
110361,48004386,NULL,NULL
110370,30394000,NULL,NULL
110404,267203000,NULL,NULL
110413,43633302,NULL,NULL
110468,37422417,NULL,NULL
110778,7102189,NULL,NULL
110918,267996,NULL,NULL
110945,4570492,NULL,NULL
111081,33162452,NULL,NULL
111391,16683364,NULL,NULL
111638,8834383,NULL,NULL
111708,746759,NULL,NULL
111717,1856148,NULL,NULL
111726,882321,NULL,NULL
111744,655779,NULL,NULL
111762,500329,NULL,NULL
111771,557062,NULL,NULL
111799,284886,NULL,NULL
111948,103601626,NULL,NULL
111966,21735300,NULL,NULL
112075,25161485,NULL,NULL
112084,4348787,NULL,NULL
112127,1726998,NULL,NULL
112251,33993871,NULL,NULL
112260,40194000,NULL,NULL
112446,5446949,NULL,NULL
112525,79244229,NULL,NULL
112570,2036092,NULL,NULL
113537,313216,NULL,NULL
113698,27384999,NULL,NULL
113704,1525143,NULL,NULL
114549,11639396,NULL,NULL
114734,886075,NULL,NULL
114813,25584980,NULL,NULL
114840,25740000,NULL,NULL
114947,3428551,NULL,NULL
115083,35526191,NULL,NULL
115214,4091363,NULL,NULL
115409,25008610,NULL,NULL
115728,15223845,NULL,NULL
115773,6157633,NULL,NULL
116712,13794845,NULL,NULL
116846,9065320,NULL,NULL
117104,3622582,NULL,NULL
117140,58632277,NULL,NULL
117168,4279809,NULL,NULL
117520,5919871,NULL,NULL
117557,1649592,NULL,NULL
117575,1028367,NULL,NULL
117627,22950333,NULL,NULL
117636,117158972,NULL,NULL
117672,9747410,NULL,NULL
117751,16591394,NULL,NULL
117946,154887000,NULL,NULL
118541,10232136,NULL,NULL
118693,9310640,NULL,NULL
118888,32612368,NULL,NULL
119173,29777017,NULL,NULL
119605,84385816,NULL,NULL
120166,3819897,NULL,NULL
120184,17463128,NULL,NULL
120254,47358439,NULL,NULL
120403,20702129,NULL,NULL
120537,9656814,NULL,NULL
120698,12212460,NULL,NULL
120740,1483647,NULL,NULL
120768,5850378,NULL,NULL
120795,2826210,NULL,NULL
120838,1158825,NULL,NULL
120865,17339602,NULL,NULL
120883,145902453,NULL,NULL
121150,126747000,NULL,NULL
121257,20436089,NULL,NULL
121309,39545421,NULL,NULL
121345,58232000,NULL,NULL
121628,1468543,NULL,NULL
121691,51615759,NULL,NULL
122117,1381589,NULL,NULL
122250,2283203,NULL,NULL
122296,26094315,NULL,NULL
122436,140798000,NULL,NULL
122454,9751722,NULL,NULL
122506,9832620,NULL,NULL
122603,3122234,NULL,NULL
122612,140974000,NULL,NULL
122649,2685647,NULL,NULL
122728,7450008,NULL,NULL
122931,138701000,NULL,NULL
123095,6585646,NULL,NULL
123165,21887000,NULL,NULL
123280,276335,NULL,NULL
123448,1696352,NULL,NULL
123457,10650638,NULL,NULL
123554,58652530,NULL,NULL
123633,2887795,NULL,NULL
123651,18471326,NULL,NULL
123855,2792776,NULL,NULL
123916,1124277,NULL,NULL
123943,10832966,NULL,NULL
123952,8623100,NULL,NULL
123961,1572067000,NULL,NULL
123970,19678327,NULL,NULL
124283,6302069,NULL,NULL
124292,6248421,NULL,NULL
124487,1283944,NULL,NULL
125037,1194962,NULL,NULL
125718,2172634,NULL,NULL
125727,24196156,NULL,NULL
125763,30783142,NULL,NULL
125897,18789094,NULL,NULL
126012,5007617,NULL,NULL
126049,13755020,NULL,NULL
126076,802573,NULL,NULL
126669,20768435,NULL,NULL
126678,46798421,NULL,NULL
126872,2997083,NULL,NULL
126979,6027429,NULL,NULL
127060,189156804,NULL,NULL
127273,3816942,NULL,NULL
127653,10491294,NULL,NULL
127714,2737558,NULL,NULL
127918,69252266,NULL,NULL
127954,240859,NULL,NULL
128425,1184306,NULL,NULL
128498,12348704,NULL,NULL
128586,729929,NULL,NULL
128744,29184000,NULL,NULL
128902,49062000,NULL,NULL
129154,20823262,NULL,NULL
129242,61659000,NULL,NULL
129428,11158000,NULL,NULL
129491,2298336,NULL,NULL
129525,75121602,NULL,NULL
129534,1988357,NULL,NULL
129686,1653069,NULL,NULL
129774,8262886,NULL,NULL
129941,59766876,NULL,NULL
130226,114734493,NULL,NULL
130253,58223040,NULL,NULL
130314,28973000,NULL,NULL
130448,4445669,NULL,NULL
130590,47323428,NULL,NULL
130697,79625000,NULL,NULL
130785,0,NULL,NULL
130794,1404153447,NULL,NULL
130837,1260489,NULL,NULL
130943,379901636,NULL,NULL
130989,5618828,NULL,NULL
131098,11116609,NULL,NULL
131113,47796329,NULL,NULL
131159,219599000,NULL,NULL
131283,112228659,NULL,NULL
131308,12966067,NULL,NULL
131405,1381184,NULL,NULL
131450,64964813,NULL,NULL
131469,506343000,NULL,NULL
131496,481784000,NULL,NULL
131520,374843000,NULL,NULL
131830,188029,NULL,NULL
131876,16591829,NULL,NULL
131973,6094221,NULL,NULL
132408,3001918,NULL,NULL
132471,81235836,NULL,NULL
132602,26642188,NULL,NULL
132657,31102992,NULL,NULL
132842,5645459,NULL,NULL
132879,2858808,NULL,NULL
133085,3806714,NULL,NULL
133492,24567816,NULL,NULL
133526,7027358,NULL,NULL
133553,147352000,NULL,NULL
133711,17945908,NULL,NULL
133809,5076602,NULL,NULL
133872,14484994,NULL,NULL
133881,62931860,NULL,NULL
133979,15907966,NULL,NULL
134079,23179074,NULL,NULL
134510,1001814,NULL,NULL
134945,32760116,NULL,NULL
135063,2501455,NULL,NULL
135081,116189237,NULL,NULL
135364,3171634,NULL,NULL
135610,1652621,NULL,NULL
135726,1130371208,NULL,NULL
135939,1610127,NULL,NULL
136215,284697045,NULL,NULL
136330,34162362,NULL,NULL
136701,1578112,NULL,NULL
136774,20288286,NULL,NULL
136950,47618000,NULL,NULL
137032,69268422,NULL,NULL
137272,1246470,NULL,NULL
137476,27885906,NULL,NULL
137546,53689754,NULL,NULL
137564,19216316,NULL,NULL
137777,1010108,NULL,NULL
137847,46263548,NULL,NULL
137953,1179820,NULL,NULL
137962,1458238,NULL,NULL
138275,6635240,NULL,NULL
138293,4875307,NULL,NULL
138600,16929703,NULL,NULL
138761,2957512,NULL,NULL
138868,7907748,NULL,NULL
138947,35520075,NULL,NULL
139144,28958576,NULL,NULL
139153,3856352,NULL,NULL
139199,17904353,NULL,NULL
139205,3602284,NULL,NULL
139287,460242,NULL,NULL
139348,4795761,NULL,NULL
139393,13643683,NULL,NULL
139630,5906365,NULL,NULL
139658,2024280000,NULL,NULL
139995,684151,NULL,NULL
140146,4031207,NULL,NULL
140234,9895994,NULL,NULL
140252,26887459,NULL,NULL
140447,116136483,NULL,NULL
140553,31478553,NULL,NULL
140562,74465160,NULL,NULL
140696,10243348,NULL,NULL
140720,8025795,NULL,NULL
140818,16918341,NULL,NULL
140872,10475007,NULL,NULL
140951,97767062,NULL,NULL
140988,12636509,NULL,NULL
141060,37534926,NULL,NULL
141167,6566799,NULL,NULL
141185,5887806,NULL,NULL
141237,4839587,NULL,NULL
141325,7481497,NULL,NULL
141361,11097754,NULL,NULL
141486,20520906,NULL,NULL
141644,50439062,NULL,NULL
141936,68934,NULL,NULL
142090,1411954,NULL,NULL
142294,9968957,NULL,NULL
142461,15659024,NULL,NULL
142522,99650000,NULL,NULL
142832,17929170,NULL,NULL
143048,49308000,NULL,NULL
143084,32697037,NULL,NULL
143118,30728892,NULL,NULL
143233,1486122,NULL,NULL
143288,6154064,NULL,NULL
143297,2869255,NULL,NULL
143303,235081,NULL,NULL
143358,71950630,NULL,NULL
143659,4391490,NULL,NULL
143853,54547440,NULL,NULL
143978,35347844,NULL,NULL
144014,2805875,NULL,NULL
144050,957570832,NULL,NULL
144281,102396456,NULL,NULL
144351,28051437,NULL,NULL
144740,267009000,NULL,NULL
144883,3447532,NULL,NULL
144962,33678535,NULL,NULL
144971,6889133,NULL,NULL
145275,6333088,NULL,NULL
145354,896064,NULL,NULL
145372,10866640,NULL,NULL
145497,4065185,NULL,NULL
145558,48627111,NULL,NULL
145619,39321283,NULL,NULL
145628,16866276,NULL,NULL
145646,31824565,NULL,NULL
145691,12959991,NULL,NULL
145725,118157000,NULL,NULL
145886,947401,NULL,NULL
146241,25986667,NULL,NULL
146339,10410647,NULL,NULL
146427,21281103,NULL,NULL
146481,21715338,NULL,NULL
146490,5508193,NULL,NULL
146533,2094026,NULL,NULL
146612,47074029,NULL,NULL
146621,850917,NULL,NULL
146667,6699976,NULL,NULL
146676,8730176,NULL,NULL
146719,223540950,NULL,NULL
146728,3096850,NULL,NULL
146755,1837440,NULL,NULL
146791,803454,NULL,NULL
146816,1054933,NULL,NULL
146825,5230538,NULL,NULL
146977,3261180,NULL,NULL
147013,16888160,NULL,NULL
147031,1349880,NULL,NULL
147129,4432256,NULL,NULL
147244,21159144,NULL,NULL
147341,13597906,NULL,NULL
147369,44382804,NULL,NULL
147396,784648,NULL,NULL
147536,31105632,NULL,NULL
147590,12199911,NULL,NULL
147660,28151552,NULL,NULL
147679,25932776,NULL,NULL
147697,1633046,NULL,NULL
147767,849025000,NULL,NULL
147828,30625712,NULL,NULL
148016,16004300,NULL,NULL
148131,10019134,NULL,NULL
148335,27740952,NULL,NULL
148405,10189030,NULL,NULL
148487,57292370,NULL,NULL
148496,28633846,NULL,NULL
148511,658518960,NULL,NULL
148575,4392580,NULL,NULL
148584,21951578,NULL,NULL
148593,1490157,NULL,NULL
148627,36032851,NULL,NULL
148724,812979,NULL,NULL
148849,1432987,NULL,NULL
148876,7963812,NULL,NULL
148885,4642802,NULL,NULL
148955,1304422,NULL,NULL
148982,2710609,NULL,NULL
149028,2518634,NULL,NULL
149329,930096,NULL,NULL
149505,12779079,NULL,NULL
149514,17380084,NULL,NULL
149639,2494855,NULL,NULL
149763,4680301,NULL,NULL
149781,50617072,NULL,NULL
150048,3321972,NULL,NULL
150066,21122000,NULL,NULL
150145,13501975,NULL,NULL
150163,65435000,NULL,NULL
150172,6333115,NULL,NULL
150215,4229812,NULL,NULL
150288,4203883,NULL,NULL
150400,40727751,NULL,NULL
150455,20434937,NULL,NULL
150534,30388940,NULL,NULL
150604,10972193,NULL,NULL
150668,11850553,NULL,NULL
150677,9346516,NULL,NULL
150756,15903648,NULL,NULL
150774,3848365,NULL,NULL
150941,8550436,NULL,NULL
151263,41101108,NULL,NULL
151290,17402370,NULL,NULL
151777,14687661,NULL,NULL
151786,20446023,NULL,NULL
151801,69064887,NULL,NULL
151810,3926316,NULL,NULL
151865,2299115,NULL,NULL
151962,297402,NULL,NULL
152080,438173296,NULL,NULL
152099,8491630,NULL,NULL
152318,35795233,NULL,NULL
152336,19723329,NULL,NULL
152363,9082808,NULL,NULL
152381,7631357,NULL,NULL
152390,23978522,NULL,NULL
152451,2676444,NULL,NULL
152497,2577871,NULL,NULL
152530,22653256,NULL,NULL
152567,12479552,NULL,NULL
152600,56591000,NULL,NULL
152673,18370073,NULL,NULL
152798,4263930,NULL,NULL
152822,5680433,NULL,NULL
152992,8319313,NULL,NULL
153001,14896392,NULL,NULL
153108,18144066,NULL,NULL
153126,11913323,NULL,NULL
153144,16097327,NULL,NULL
153162,14900434,NULL,NULL
153241,3066862,NULL,NULL
153250,12048192,NULL,NULL
153269,62369300,NULL,NULL
153278,17871143,NULL,NULL
153302,2401130,NULL,NULL
153320,2733695,NULL,NULL
153366,15211025,NULL,NULL
153375,15855784,NULL,NULL
153384,43951000,NULL,NULL
153542,135436,NULL,NULL
153621,5912533,NULL,NULL
153825,17602674,NULL,NULL
153834,32126960,NULL,NULL
153861,6805000,NULL,NULL
153977,7271876,NULL,NULL
154004,13806594,NULL,NULL
154013,13955627,NULL,NULL
154101,11137612,NULL,NULL
154156,25264645,NULL,NULL
154174,30818478,NULL,NULL
154235,28049826,NULL,NULL
154262,2132768,NULL,NULL
154350,15888952,NULL,NULL
154493,26376879,NULL,NULL
154527,20121420,NULL,NULL
154536,2110332,NULL,NULL
154590,9283072,NULL,NULL
154688,15880087,NULL,NULL
154712,13086205,NULL,NULL
154721,4816595,NULL,NULL
154749,5803859,NULL,NULL
154837,2184998,NULL,NULL
154855,3201666,NULL,NULL
155007,2570005,NULL,NULL
155070,1856077,NULL,NULL
155089,17239534,NULL,NULL
155177,5754624,NULL,NULL
155335,11307013,NULL,NULL
155414,5681066,NULL,NULL
155496,2298161,NULL,NULL
155511,6644506,NULL,NULL
155520,14987758,NULL,NULL
155627,19023277,NULL,NULL
155812,7651800,NULL,NULL
155900,10504455,NULL,NULL
155937,9104035,NULL,NULL
155973,5075871,NULL,NULL
156189,3965841,NULL,NULL
156213,15218710,NULL,NULL
156222,12306333,NULL,NULL
156286,30947519,NULL,NULL
156295,34088580,NULL,NULL
156356,5352066,NULL,NULL
156365,17552275,NULL,NULL
156408,20556989,NULL,NULL
156417,1468581,NULL,NULL
156541,16262245,NULL,NULL
156727,8440292,NULL,NULL
156745,15696801,NULL,NULL
157030,143888,NULL,NULL
157076,5115397,NULL,NULL
157100,5300733,NULL,NULL
157207,1306627,NULL,NULL
157216,18142580,NULL,NULL
157298,4256454,NULL,NULL
157359,9071323,NULL,NULL
157377,9758103,NULL,NULL
157535,13166617,NULL,NULL
157632,5263066,NULL,NULL
157748,15687683,NULL,NULL
157757,14748283,NULL,NULL
157809,10201956,NULL,NULL
157818,18290820,NULL,NULL
157863,8046167,NULL,NULL
158325,514202,NULL,NULL
158334,206742,NULL,NULL
158477,10277334,NULL,NULL
158802,14643680,NULL,NULL
159568,9549445,NULL,NULL
159656,57648838,NULL,NULL
159948,8221720,NULL,NULL
160029,1654537,NULL,NULL
160065,5306865,NULL,NULL
160074,11561136,NULL,NULL
160409,1458948,NULL,NULL
160524,2066167,NULL,NULL
160755,386066000,NULL,NULL
160904,45608880,NULL,NULL
160959,6300134,NULL,NULL
160977,46686046,NULL,NULL
161004,61669419,NULL,NULL
161022,1340382,NULL,NULL
161086,48018000,NULL,NULL
161165,21424464,NULL,NULL
161208,1090660,NULL,NULL
161457,61347633,NULL,NULL
161509,4567628,NULL,NULL
161518,16985734,NULL,NULL
161563,6129429,NULL,NULL
161572,6101142,NULL,NULL
162061,5470708,NULL,NULL
162210,14475391,NULL,NULL
162654,30032904,NULL,NULL
162760,16872458,NULL,NULL
162928,2083977000,NULL,NULL
163046,81887744,NULL,NULL
163295,35969424,NULL,NULL
163462,23833659,NULL,NULL
163532,3696597,NULL,NULL
163578,19698269,NULL,NULL
163921,13961787,NULL,NULL
163976,11355007,NULL,NULL
164085,4797817,NULL,NULL
164173,38292912,NULL,NULL
164216,25563512,NULL,NULL
164270,25035000,NULL,NULL
164368,11383735,NULL,NULL
164447,20379120,NULL,NULL
164465,65794126,NULL,NULL
164474,3137407,NULL,NULL
164492,10089482,NULL,NULL
164562,29092444,NULL,NULL
164580,75704675,NULL,NULL
164614,938492,NULL,NULL
164632,17289711,NULL,NULL
164720,16098829,NULL,NULL
164739,82864000,NULL,NULL
164748,88957559,NULL,NULL
164872,10182623,NULL,NULL
164915,1064416,NULL,NULL
164924,326961420,NULL,NULL
164933,11678726,NULL,NULL
164988,709760635,NULL,NULL
165015,139887258,NULL,NULL
165060,3297472,NULL,NULL
165167,18466697,NULL,NULL
165264,5845723,NULL,NULL
165334,46557823,NULL,NULL
165495,397468,NULL,NULL
165529,34408722,NULL,NULL
165574,12745422,NULL,NULL
165644,9715483,NULL,NULL
165662,58458569,NULL,NULL
165671,22806538,NULL,NULL
165699,33206795,NULL,NULL
165705,2449172,NULL,NULL
165802,9868537,NULL,NULL
165884,4828917,NULL,NULL
165936,22466171,NULL,NULL
165945,12013641,NULL,NULL
166018,26077334,NULL,NULL
166027,1553096000,NULL,NULL
166045,6151419,NULL,NULL
166054,4737904,NULL,NULL
166124,68136620,NULL,NULL
166391,20299878,NULL,NULL
166407,4337273,NULL,NULL
166452,51546047,NULL,NULL
166489,4195005,NULL,NULL
166601,1492505,NULL,NULL
166656,50337259,NULL,NULL
166683,1128304000,NULL,NULL
166717,11461637,NULL,NULL
166850,32948167,NULL,NULL
166869,18777603,NULL,NULL
166911,5011424,NULL,NULL
166939,61435214,NULL,NULL
166948,14320357,NULL,NULL
166984,11924892,NULL,NULL
167057,21060379,NULL,NULL
167093,12508304,NULL,NULL
167181,2371816,NULL,NULL
167215,13104232,NULL,NULL
167251,6600535,NULL,NULL
167260,11333421,NULL,NULL
167297,2272155,NULL,NULL
167358,385526709,NULL,NULL
167394,10627373,NULL,NULL
167455,6644396,NULL,NULL
167464,1555645,NULL,NULL
167598,18100578,NULL,NULL
167677,1845948,NULL,NULL
167783,56852268,NULL,NULL
167792,8905386,NULL,NULL
167835,92223491,NULL,NULL
167899,39856606,NULL,NULL
167996,39340324,NULL,NULL
168005,100921664,NULL,NULL
168148,363832365,NULL,NULL
168218,94055000,NULL,NULL
168227,39893393,NULL,NULL
168254,48732570,NULL,NULL
168281,32692542,NULL,NULL
168290,18343273,NULL,NULL
168342,86126484,NULL,NULL
168421,93353000,NULL,NULL
168528,14635811,NULL,NULL
168546,20388924,NULL,NULL
168591,16361009,NULL,NULL
168740,39141929,NULL,NULL
168786,14731218,NULL,NULL
168847,101049362,NULL,NULL
169080,51755929,NULL,NULL
169099,3845330,NULL,NULL
169220,1973297,NULL,NULL
169327,3385101,NULL,NULL
169363,4283845,NULL,NULL
169424,2600071,NULL,NULL
169442,17075861,NULL,NULL
169479,48337809,NULL,NULL
169628,13649374,NULL,NULL
169716,69757842,NULL,NULL
169983,24409779,NULL,NULL
170000,2698170,NULL,NULL
170037,15929998,NULL,NULL
170091,1650340,NULL,NULL
170301,43002196,NULL,NULL
170532,22418646,NULL,NULL
170675,26624587,NULL,NULL
170806,25279713,NULL,NULL
170842,13679522,NULL,NULL
170967,6504153,NULL,NULL
171012,1174553,NULL,NULL
171492,28180814,NULL,NULL
171599,8279912,NULL,NULL
171881,2689017,NULL,NULL
172033,3841379,NULL,NULL
172264,13975500,NULL,NULL
172334,20622788,NULL,NULL
172440,6098161,NULL,NULL
172477,34295144,NULL,NULL
172608,11350793,NULL,NULL
172705,3223120,NULL,NULL
172927,1197545,NULL,NULL
173045,35137877,NULL,NULL
173142,6762716,NULL,NULL
173160,42597191,NULL,NULL
173179,4512751,NULL,NULL
173258,52679450,NULL,NULL
173300,37181387,NULL,NULL
173328,18099712,NULL,NULL
173452,6592080,NULL,NULL
173647,37019686,NULL,NULL
173665,42636232,NULL,NULL
173683,616306,NULL,NULL
173896,10981953,NULL,NULL
173902,46496000,NULL,NULL
173957,5240313,NULL,NULL
173966,10239904,NULL,NULL
174127,10052844,NULL,NULL
174206,1023959,NULL,NULL
174437,9707586,NULL,NULL
174491,27963691,NULL,NULL
174507,14772590,NULL,NULL
174525,1513866,NULL,NULL
174747,30203891,NULL,NULL
174792,32372929,NULL,NULL
174817,32658695,NULL,NULL
174844,48107810,NULL,NULL
174862,7630924,NULL,NULL
174899,37405594,NULL,NULL
174914,125393042,NULL,NULL
175005,43389172,NULL,NULL
175120,2443453,NULL,NULL
175139,1999860,NULL,NULL
175227,10438003,NULL,NULL
175281,14875175,NULL,NULL
175421,17251659,NULL,NULL
175430,3637207,NULL,NULL
175980,15978086,NULL,NULL
176053,33669833,NULL,NULL
176318,6334368,NULL,NULL
176336,352494,NULL,NULL
176406,10288782,NULL,NULL
176451,1035854,NULL,NULL
176479,19102349,NULL,NULL
176600,1485235,NULL,NULL
176619,3009997,NULL,NULL
176628,12360169,NULL,NULL
176664,2891416,NULL,NULL
176770,5846814,NULL,NULL
176789,2699463,NULL,NULL
176910,2174744,NULL,NULL
176947,12994609,NULL,NULL
177038,5434031,NULL,NULL
177065,49421754,NULL,NULL
177083,679148,NULL,NULL
177092,9063886,NULL,NULL
177117,6173484,NULL,NULL
177126,4845144,NULL,NULL
177144,7329941,NULL,NULL
177214,27618371,NULL,NULL
177278,2193376,NULL,NULL
177339,17127596,NULL,NULL
177418,15842656,NULL,NULL
177427,2990487,NULL,NULL
177542,6118963,NULL,NULL
177719,8393435,NULL,NULL
177746,8100417,NULL,NULL
177816,2676112,NULL,NULL
177834,56116717,NULL,NULL
177931,294515,NULL,NULL
177968,61233087,NULL,NULL
177986,12622339,NULL,NULL
178059,27994525,NULL,NULL
178208,5234676,NULL,NULL
178244,13888543,NULL,NULL
178369,7835037,NULL,NULL
178518,1974525,NULL,NULL
178679,4441170,NULL,NULL
178697,15524904,NULL,NULL
178721,40310868,NULL,NULL
178891,8050125,NULL,NULL
179043,26588142,NULL,NULL
179159,383189589,NULL,NULL
179256,1430535,NULL,NULL
179265,16175227,NULL,NULL
179317,3448315,NULL,NULL
179326,18811036,NULL,NULL
179399,848038,NULL,NULL
179450,1958252,NULL,NULL
179548,8188019,NULL,NULL
179812,22050799,NULL,NULL
179867,1103430000,NULL,NULL
179894,103719210,NULL,NULL
179919,3838896,NULL,NULL
179946,10058724,NULL,NULL
179955,13211405,NULL,NULL
179964,11793277,NULL,NULL
180054,4731594,NULL,NULL
180106,14133829,NULL,NULL
180258,6320853,NULL,NULL
180595,9872916,NULL,NULL
180647,9758828,NULL,NULL
180814,40481915,NULL,NULL
180832,10089324,NULL,NULL
180878,5167110,NULL,NULL
180984,11134053,NULL,NULL
181002,208353762,NULL,NULL
181020,13284651,NULL,NULL
181093,3205943,NULL,NULL
181127,12221391,NULL,NULL
181145,194000,NULL,NULL
181297,7790418,NULL,NULL
181330,9421104,NULL,NULL
181376,864900,NULL,NULL
181446,17497245,NULL,NULL
181543,329376,NULL,NULL
181604,9058274,NULL,NULL
181738,8572804,NULL,NULL
181792,172033,NULL,NULL
181853,4011643,NULL,NULL
182458,6523191,NULL,NULL
182634,15239324,NULL,NULL
182670,350991581,NULL,NULL
182795,19346282,NULL,NULL
182829,8527713,NULL,NULL
182908,636795,NULL,NULL
182980,13574307,NULL,NULL
183026,72415869,NULL,NULL
183211,16099821,NULL,NULL
183239,27589470,NULL,NULL
183248,1202694,NULL,NULL
183275,1088554,NULL,NULL
183600,217251,NULL,NULL
183804,7995591,NULL,NULL
183822,19827772,NULL,NULL
183910,16501875,NULL,NULL
183974,20615874,NULL,NULL
184153,531205,NULL,NULL
184348,36264000,NULL,NULL
184357,156876,NULL,NULL
184603,93474798,NULL,NULL
184612,21231730,NULL,NULL
184773,18480438,NULL,NULL
184968,1667467,NULL,NULL
185572,73306931,NULL,NULL
185651,809280,NULL,NULL
185679,2836208,NULL,NULL
185758,1844654,NULL,NULL
186122,18817590,NULL,NULL
186131,553694000,NULL,NULL
186186,2431763,NULL,NULL
186283,71904000,NULL,NULL
186405,155112,NULL,NULL
186423,798200,NULL,NULL
186432,25167342,NULL,NULL
186584,116919000,NULL,NULL
186618,14055226,NULL,NULL
186867,87260435,NULL,NULL
186900,196100,NULL,NULL
188182,3603489,NULL,NULL
188207,1224147,NULL,NULL
188340,13225854,NULL,NULL
188429,99707326,NULL,NULL
188526,19745579,NULL,NULL
188535,11797498,NULL,NULL
188580,156836188,NULL,NULL
188641,25812077,NULL,NULL
188669,1947629,NULL,NULL
188678,3437244,NULL,NULL
188687,1507289,NULL,NULL
188854,19513963,NULL,NULL
188915,675756,NULL,NULL
188942,534874,NULL,NULL
189015,27668053,NULL,NULL
189088,55941466,NULL,NULL
189097,62016452,NULL,NULL
189264,162882,NULL,NULL
189273,685479,NULL,NULL
189282,2142614,NULL,NULL
189413,7048273,NULL,NULL
189422,6264162,NULL,NULL
189501,23749178,NULL,NULL
189705,41130834,NULL,NULL
189848,11003686,NULL,NULL
189857,891176,NULL,NULL
189981,1616767,NULL,NULL
190008,686035,NULL,NULL
190044,51476262,NULL,NULL
190071,2414672,NULL,NULL
190080,1697834,NULL,NULL
190099,71786373,NULL,NULL
190114,10897114,NULL,NULL
190150,1702832000,NULL,NULL
190248,9258149,NULL,NULL
190372,23949642,NULL,NULL
190415,871860178,NULL,NULL
190424,723434819,NULL,NULL
190451,2676948,NULL,NULL
190503,56542959,NULL,NULL
190707,177559,NULL,NULL
190716,26904530,NULL,NULL
190725,21595245,NULL,NULL
190752,1584237,NULL,NULL
190761,14923906,NULL,NULL
190770,24737126,NULL,NULL
190956,1360712,NULL,NULL
190983,15119886,NULL,NULL
191241,240977849,NULL,NULL
191320,3112109,NULL,NULL
191515,50140000,NULL,NULL
191533,20714900,NULL,NULL
191597,2983931,NULL,NULL
191621,8448662,NULL,NULL
191630,39535292,NULL,NULL
191649,185841746,NULL,NULL
191676,12077526,NULL,NULL
191764,592912,NULL,NULL
191931,43904000,NULL,NULL
191940,566669,NULL,NULL
191968,96821051,NULL,NULL
192040,18363518,NULL,NULL
192110,38818816,NULL,NULL
192165,565383,NULL,NULL
192192,16546927,NULL,NULL
192323,30872952,NULL,NULL
192439,92707198,NULL,NULL
192448,87890544,NULL,NULL
192457,0,NULL,NULL
192554,1817178,NULL,NULL
192563,2409315,NULL,NULL
192624,459891,NULL,NULL
192703,46473600,NULL,NULL
192712,18457018,NULL,NULL
192749,27197732,NULL,NULL
192785,4260307,NULL,NULL
192800,371293,NULL,NULL
192819,63314006,NULL,NULL
192864,20920575,NULL,NULL
192925,16221513,NULL,NULL
192961,837551,NULL,NULL
192970,312562,NULL,NULL
193016,52951205,NULL,NULL
193052,766894,NULL,NULL
193061,445630,NULL,NULL
193070,1988819,NULL,NULL
193247,983983,NULL,NULL
193292,44524679,NULL,NULL
193353,21318409,NULL,NULL
193399,16086171,NULL,NULL
193405,728633624,NULL,NULL
193584,32364054,NULL,NULL
193609,1044747,NULL,NULL
193645,31216723,NULL,NULL
193654,151139000,NULL,NULL
193751,13180456,NULL,NULL
193788,806685,NULL,NULL
193821,29447811,NULL,NULL
193830,83600998,NULL,NULL
193894,2290483,NULL,NULL
193900,1878259000,NULL,NULL
193973,31388059,NULL,NULL
194073,6972386,NULL,NULL
194091,92307070,NULL,NULL
194116,5658788,NULL,NULL
194161,20447955,NULL,NULL
194189,1316118,NULL,NULL
194310,143942023,NULL,NULL
194392,8994590,NULL,NULL
194541,52696000,NULL,NULL
194569,1763614,NULL,NULL
194578,71747114,NULL,NULL
194611,4697597,NULL,NULL
194657,1399653,NULL,NULL
194666,643838,NULL,NULL
194675,463270,NULL,NULL
194693,680534,NULL,NULL
194718,521045,NULL,NULL
194736,1837700,NULL,NULL
194763,1103597,NULL,NULL
194824,151167000,NULL,NULL
194958,17051534,NULL,NULL
195003,252862000,NULL,NULL
195030,1475021113,NULL,NULL
195049,107875756,NULL,NULL
195128,23808538,NULL,NULL
195155,585167,NULL,NULL
195164,24355737,NULL,NULL
195173,19138539,NULL,NULL
195191,3778565,NULL,NULL
195216,45027625,NULL,NULL
195234,33659023,NULL,NULL
195243,14014000,NULL,NULL
195289,1011225,NULL,NULL
195304,33529782,NULL,NULL
195438,5392406,NULL,NULL
195474,43603760,NULL,NULL
195526,57822000,NULL,NULL
195544,44308000,NULL,NULL
195580,1824988,NULL,NULL
195623,61914,NULL,NULL
195687,1903965,NULL,NULL
195720,39560249,NULL,NULL
195793,132779,NULL,NULL
195809,202428171,NULL,NULL
196413,384460161,NULL,NULL
196431,1255188,NULL,NULL
196440,812495,NULL,NULL
196468,95582801,NULL,NULL
196583,1528934,NULL,NULL
196592,110370538,NULL,NULL
196653,8985794,NULL,NULL
196680,42673815,NULL,NULL
196866,48575032,NULL,NULL
196884,4021336,NULL,NULL
197018,5042334,NULL,NULL
197045,29852421,NULL,NULL
197133,73369413,NULL,NULL
197142,4019786,NULL,NULL
197197,26978486,NULL,NULL
197221,3022542,NULL,NULL
197230,7752984,NULL,NULL
197531,2815570,NULL,NULL
197601,1042920,NULL,NULL
197610,461339,NULL,NULL
197647,1826178,NULL,NULL
197674,866171,NULL,NULL
197692,1336894,NULL,NULL
197708,318134000,NULL,NULL
197735,1477243,NULL,NULL
197744,697506,NULL,NULL
197911,9204935,NULL,NULL
197984,12080004,NULL,NULL
197993,8578389,NULL,NULL
198066,6470213,NULL,NULL
198109,3808161,NULL,NULL
198136,47493528,NULL,NULL
198215,11123909,NULL,NULL
198303,10737322,NULL,NULL
198385,54647204,NULL,NULL
198419,2076650000,NULL,NULL
198516,81582710,NULL,NULL
198561,29359124,NULL,NULL
198598,7962336,NULL,NULL
198613,17867676,NULL,NULL
198677,396006,NULL,NULL
198695,32746939,NULL,NULL
198747,1303469,NULL,NULL
198756,18267060,NULL,NULL
198808,5467186,NULL,NULL
198835,13459885,NULL,NULL
198862,10512635,NULL,NULL
198871,4926475,NULL,NULL
198899,11051891,NULL,NULL
198941,1617235,NULL,NULL
198950,21724198,NULL,NULL
198969,22680186,NULL,NULL
199032,5990288,NULL,NULL
199069,15170377,NULL,NULL
199209,8466717,NULL,NULL
199272,7400723,NULL,NULL
199306,11073626,NULL,NULL
199315,1956003,NULL,NULL
199412,24501813,NULL,NULL
199458,1397153,NULL,NULL
199582,14568755,NULL,NULL
199607,10761756,NULL,NULL
199643,16253979,NULL,NULL
199698,5721875,NULL,NULL
199759,10714280,NULL,NULL
199847,601372000,NULL,NULL
199865,11213517,NULL,NULL
199883,1622967,NULL,NULL
199962,23068483,NULL,NULL
199971,242015,NULL,NULL
200156,7938574,NULL,NULL
200217,19612870,NULL,NULL
200244,1400113,NULL,NULL
200484,1562318,NULL,NULL
200527,5655611,NULL,NULL
200554,12050568,NULL,NULL
200873,310520,NULL,NULL
201061,1940044,NULL,NULL
201104,49059947,NULL,NULL
201140,2203446,NULL,NULL
201177,2984961,NULL,NULL
201195,41362707,NULL,NULL
201371,9311611,NULL,NULL
201548,34160752,NULL,NULL
201645,341115472,NULL,NULL
201654,35968442,NULL,NULL
201681,804767,NULL,NULL
201751,1876799,NULL,NULL
201821,3748694,NULL,NULL
201858,6317444,NULL,NULL
201867,601152,NULL,NULL
201964,10278665,NULL,NULL
202046,7748992,NULL,NULL
202073,9509458,NULL,NULL
202170,13715608,NULL,NULL
202480,166246000,NULL,NULL
202514,8363287,NULL,NULL
202523,43568740,NULL,NULL
202763,36356660,NULL,NULL
202806,33402000,NULL,NULL
202903,986589,NULL,NULL
202912,4615129,NULL,NULL
203067,18760917,NULL,NULL
203085,11366432,NULL,NULL
203128,14647660,NULL,NULL
203146,2343722,NULL,NULL
203368,39829734,NULL,NULL
203535,40003432,NULL,NULL
203544,7704455,NULL,NULL
203580,8226839,NULL,NULL
203757,15140642,NULL,NULL
203775,15870509,NULL,NULL
203845,18076291,NULL,NULL
203960,8722412,NULL,NULL
203997,2371622,NULL,NULL
204176,7157262,NULL,NULL
204185,22668756,NULL,NULL
204194,15897941,NULL,NULL
204200,20289508,NULL,NULL
204264,17873087,NULL,NULL
204468,10734106,NULL,NULL
204486,18526812,NULL,NULL
204501,75466728,NULL,NULL
204592,284998,NULL,NULL
204617,14342701,NULL,NULL
204635,38573843,NULL,NULL
204893,712692,NULL,NULL
204909,26051829,NULL,NULL
204936,29043540,NULL,NULL
204990,1005467,NULL,NULL
205027,3008528,NULL,NULL
205090,951766,NULL,NULL
205124,895516,NULL,NULL
205203,11525073,NULL,NULL
205957,22924238,NULL,NULL
206002,348926,NULL,NULL
206048,16395038,NULL,NULL
206154,261038,NULL,NULL
206215,1877576,NULL,NULL
206279,13377645,NULL,NULL
206288,4174035,NULL,NULL
206330,6005000,NULL,NULL
206349,12746089,NULL,NULL
206437,20681539,NULL,NULL
206491,5334326,NULL,NULL
206507,10318004,NULL,NULL
206516,777566,NULL,NULL
206525,23916326,NULL,NULL
206589,37377865,NULL,NULL
206622,72449978,NULL,NULL
206817,5870187,NULL,NULL
206835,6986008,NULL,NULL
206862,15282793,NULL,NULL
207157,1834848,NULL,NULL
207324,18305556,NULL,NULL
207403,16974538,NULL,NULL
207458,35218342,NULL,NULL
207582,34294947,NULL,NULL
207689,5803578,NULL,NULL
207856,3238638,NULL,NULL
207971,86567302,NULL,NULL
208488,20562644,NULL,NULL
208725,2306739,NULL,NULL
208822,29872021,NULL,NULL
209056,55097151,NULL,NULL
209065,29047548,NULL,NULL
209108,10216701,NULL,NULL
209241,3934612,NULL,NULL
209287,8014000,NULL,NULL
209296,9477005,NULL,NULL
209409,5343678,NULL,NULL
209533,3092047,NULL,NULL
209603,7529526,NULL,NULL
209612,46150311,NULL,NULL
209825,46239000,NULL,NULL
209922,35207862,NULL,NULL
210304,8510984,NULL,NULL
210331,8908830,NULL,NULL
210368,3795629,NULL,NULL
210401,44862474,NULL,NULL
210438,9484314,NULL,NULL
210456,2762052,NULL,NULL
210492,5655045,NULL,NULL
210508,1339372,NULL,NULL
210571,20200560,NULL,NULL
210669,28978405,NULL,NULL
210739,23618224,NULL,NULL
210775,21622587,NULL,NULL
210809,12532353,NULL,NULL
211024,6401067,NULL,NULL
211088,29867000,NULL,NULL
211130,1881409,NULL,NULL
211149,1914600,NULL,NULL
211273,49929000,NULL,NULL
211291,84807000,NULL,NULL
211352,19555737,NULL,NULL
211370,573429,NULL,NULL
211431,19150073,NULL,NULL
211440,542366197,NULL,NULL
211468,14751875,NULL,NULL
211556,21688370,NULL,NULL
211583,15664105,NULL,NULL
211635,1759531,NULL,NULL
211802,1587012,NULL,NULL
211893,5949381,NULL,NULL
211981,22807718,NULL,NULL
212009,52686818,NULL,NULL
212054,444517052,NULL,NULL
212106,124534000,NULL,NULL
212133,29620304,NULL,NULL
212197,26669272,NULL,NULL
212443,973237,NULL,NULL
212452,321255,NULL,NULL
212568,2393862,NULL,NULL
212577,48577330,NULL,NULL
212601,36033000,NULL,NULL
212656,16769726,NULL,NULL
212674,49516354,NULL,NULL
212771,2524833,NULL,NULL
212805,24577189,NULL,NULL
212832,18944632,NULL,NULL
212869,10924288,NULL,NULL
212911,38040721,NULL,NULL
212975,10067733,NULL,NULL
212984,22488996,NULL,NULL
213011,19740672,NULL,NULL
213163,928044,NULL,NULL
213233,3395424,NULL,NULL
213251,20441183,NULL,NULL
213303,13323949,NULL,NULL
213321,24544813,NULL,NULL
213358,10986471,NULL,NULL
213367,62079115,NULL,NULL
213376,8072865,NULL,NULL
213385,57176376,NULL,NULL
213400,9530843,NULL,NULL
213446,1758068,NULL,NULL
213507,21498996,NULL,NULL
213543,152964000,NULL,NULL
213598,28070397,NULL,NULL
213622,1389733,NULL,NULL
213631,1935477,NULL,NULL
213640,3238468,NULL,NULL
213668,13728366,NULL,NULL
213774,5963589,NULL,NULL
213826,32254288,NULL,NULL
213987,28319284,NULL,NULL
213996,38066132,NULL,NULL
214023,657964,NULL,NULL
214069,24005749,NULL,NULL
214148,6138781,NULL,NULL
214157,24332802,NULL,NULL
214166,11600407,NULL,NULL
214175,35973392,NULL,NULL
214272,18894764,NULL,NULL
214476,987700,NULL,NULL
214528,2615983,NULL,NULL
214564,17882563,NULL,NULL
214582,5781252,NULL,NULL
214777,1931175000,NULL,NULL
214883,10966436,NULL,NULL
214971,2598850,NULL,NULL
215053,2464572,NULL,NULL
215062,2639882000,NULL,NULL
215099,34004681,NULL,NULL
215105,27895022,NULL,NULL
215114,9590678,NULL,NULL
215123,48610669,NULL,NULL
215132,43533539,NULL,NULL
215266,11468140,NULL,NULL
215275,9142946,NULL,NULL
215284,17367824,NULL,NULL
215293,826567502,NULL,NULL
215309,3197584,NULL,NULL
215381,3305877,NULL,NULL
215390,981567,NULL,NULL
215424,5132255,NULL,NULL
215442,30470633,NULL,NULL
215479,1312280,NULL,NULL
215594,4528902,NULL,NULL
215619,3280079,NULL,NULL
215628,790641,NULL,NULL
215655,43981465,NULL,NULL
215682,2877629,NULL,NULL
215691,6864940,NULL,NULL
215743,26493645,NULL,NULL
215770,80149914,NULL,NULL
215798,19979893,NULL,NULL
215929,66197956,NULL,NULL
215947,19507608,NULL,NULL
215974,3980130,NULL,NULL
215983,531404,NULL,NULL
216047,2916100,NULL,NULL
216162,2256005,NULL,NULL
216278,26104079,NULL,NULL
216287,56324679,NULL,NULL
216311,1654598,NULL,NULL
216339,1187695000,NULL,NULL
216348,449757,NULL,NULL
216357,10049481,NULL,NULL
216366,398499002,NULL,NULL
216463,1887758,NULL,NULL
216524,24539561,NULL,NULL
216542,5904499,NULL,NULL
216551,3798471,NULL,NULL
216597,177925710,NULL,NULL
216630,1166239,NULL,NULL
216649,183280,NULL,NULL
216667,17871577,NULL,NULL
216694,15867054,NULL,NULL
216773,1263048,NULL,NULL
216807,16919754,NULL,NULL
216816,4975370,NULL,NULL
216852,67269614,NULL,NULL
216931,35794089,NULL,NULL
217013,7938210,NULL,NULL
217040,1321756,NULL,NULL
217059,41454952,NULL,NULL
217156,335490000,NULL,NULL
217165,47904000,NULL,NULL
217235,136285088,NULL,NULL
217305,24815983,NULL,NULL
217402,67505198,NULL,NULL
217493,55304667,NULL,NULL
217518,61878000,NULL,NULL
217536,27390000,NULL,NULL
217572,1476812,NULL,NULL
217606,2558058,NULL,NULL
217624,5233517,NULL,NULL
217633,16422016,NULL,NULL
217688,19459781,NULL,NULL
217721,23570795,NULL,NULL
217776,10361074,NULL,NULL
217873,20576955,NULL,NULL
217891,1805054,NULL,NULL
217907,9335604,NULL,NULL
217925,16225237,NULL,NULL
217934,9091573,NULL,NULL
217961,11564146,NULL,NULL
217998,6821971,NULL,NULL
218070,55809660,NULL,NULL
218238,16304468,NULL,NULL
218265,1342158,NULL,NULL
218399,6867502,NULL,NULL
218414,8134621,NULL,NULL
218441,15554932,NULL,NULL
218539,16467159,NULL,NULL
218751,3285002,NULL,NULL
218821,5285878,NULL,NULL
218919,5645086,NULL,NULL
218973,22315781,NULL,NULL
219000,20155639,NULL,NULL
219055,1272151,NULL,NULL
219091,6325591,NULL,NULL
219170,149501,NULL,NULL
219198,6644363,NULL,NULL
219240,1913676,NULL,NULL
219295,5278522,NULL,NULL
219338,112130,NULL,NULL
219374,5042263,NULL,NULL
219383,10032092,NULL,NULL
219392,140953,NULL,NULL
219505,815600,NULL,NULL
219578,5595991,NULL,NULL
219639,9208523,NULL,NULL
219709,68389803,NULL,NULL
219718,31164796,NULL,NULL
219790,9330696,NULL,NULL
219806,13916323,NULL,NULL
219833,14900650,NULL,NULL
219842,1968028,NULL,NULL
219949,7782588,NULL,NULL
219976,52875491,NULL,NULL
220136,1436947,NULL,NULL
220181,10238475,NULL,NULL
220206,1860111,NULL,NULL
220215,13929643,NULL,NULL
220312,2305903,NULL,NULL
220464,445934,NULL,NULL
220473,7288680,NULL,NULL
220516,13387917,NULL,NULL
220598,10601095,NULL,NULL
220604,7688368,NULL,NULL
220613,22676771,NULL,NULL
220631,36633012,NULL,NULL
220701,7087807,NULL,NULL
220710,11934193,NULL,NULL
220792,70855265,NULL,NULL
220808,3643562,NULL,NULL
220871,2308071,NULL,NULL
220996,2304987,NULL,NULL
221014,9654117,NULL,NULL
221254,1739396,NULL,NULL
221351,29993994,NULL,NULL
221519,36729329,NULL,NULL
221661,29574592,NULL,NULL
221670,11194688,NULL,NULL
221731,6182752,NULL,NULL
221856,2685830,NULL,NULL
221892,19474910,NULL,NULL
221953,13351083,NULL,NULL
221971,34329938,NULL,NULL
221999,1868856101,NULL,NULL
222105,650629,NULL,NULL
222178,48574112,NULL,NULL
222628,3082338,NULL,NULL
222877,1489170,NULL,NULL
222983,16492418,NULL,NULL
223001,3933117,NULL,NULL
223117,678500,NULL,NULL
223223,810686387,NULL,NULL
223232,196241360,NULL,NULL
223463,5734179,NULL,NULL
224004,15359440,NULL,NULL
224226,39044021,NULL,NULL
224244,2008407,NULL,NULL
224271,413333,NULL,NULL
224305,14352173,NULL,NULL
224323,23145000,NULL,NULL
224527,11421576,NULL,NULL
224712,2714982,NULL,NULL
225201,5662084,NULL,NULL
225247,17506545,NULL,NULL
225399,22656694,NULL,NULL
225548,10110806,NULL,NULL
225575,6428883,NULL,NULL
225627,61278674,NULL,NULL
225876,1721976,NULL,NULL
225885,4658927,NULL,NULL
226231,22039011,NULL,NULL
226383,14253580,NULL,NULL
226471,27940736,NULL,NULL
226587,11261276,NULL,NULL
226675,3340859,NULL,NULL
227289,3289197,NULL,NULL
227331,21117860,NULL,NULL
227429,2800089,NULL,NULL
227757,273023445,NULL,NULL
227845,53585098,NULL,NULL
227863,27997147,NULL,NULL
228042,10264000,NULL,NULL
228149,50105717,NULL,NULL
228194,17114963,NULL,NULL
228246,216562000,NULL,NULL
228325,10585882,NULL,NULL
228343,27093996,NULL,NULL
228468,8031543,NULL,NULL
228486,2091000,NULL,NULL
228866,5036732,NULL,NULL
228875,153708539,NULL,NULL
228884,3452784,NULL,NULL
228981,13041850,NULL,NULL
229160,32481442,NULL,NULL
229267,49385551,NULL,NULL
229780,27564492,NULL,NULL
229887,10847232,NULL,NULL
230038,447632803,NULL,NULL
230047,42723000,NULL,NULL
230418,6935000,NULL,NULL
230621,2411765,NULL,NULL
230630,2164254,NULL,NULL
230807,31702951,NULL,NULL
230816,17560968,NULL,NULL
230825,2208286,NULL,NULL
230852,30548579,NULL,NULL
230889,7404858,NULL,NULL
230898,6484290,NULL,NULL
230940,7096337,NULL,NULL
230959,110203150,NULL,NULL
230995,34941000,NULL,NULL
231059,32165019,NULL,NULL
231068,29540501,NULL,NULL
231077,2080277,NULL,NULL
231086,5027531,NULL,NULL
231095,1609274,NULL,NULL
231147,13659620,NULL,NULL
231420,10601738,NULL,NULL
231554,5785085,NULL,NULL
231581,16177232,NULL,NULL
231651,43723812,NULL,NULL
231837,10523211,NULL,NULL
231970,111671127,NULL,NULL
232025,10442648,NULL,NULL
232043,16875324,NULL,NULL
232089,16647976,NULL,NULL
232256,19290100,NULL,NULL
232265,48564103,NULL,NULL
232308,14838070,NULL,NULL
232557,210336412,NULL,NULL
232609,31632943,NULL,NULL
232618,1791858,NULL,NULL
232672,15137437,NULL,NULL
232706,35877851,NULL,NULL
232885,3811064,NULL,NULL
233295,19734152,NULL,NULL
233301,13301300,NULL,NULL
233356,3323908,NULL,NULL
233374,105702000,NULL,NULL
233408,3423700,NULL,NULL
233426,26279129,NULL,NULL
233480,493324,NULL,NULL
233541,38120406,NULL,NULL
233611,6009824,NULL,NULL
233718,14629637,NULL,NULL
233842,6232781,NULL,NULL
233912,5089297,NULL,NULL
234137,1922218,NULL,NULL
234164,13173313,NULL,NULL
234173,16214174,NULL,NULL
234207,64717000,NULL,NULL
234915,12740183,NULL,NULL
235024,11843183,NULL,NULL
235316,84700000,NULL,NULL
235422,12834310,NULL,NULL
235547,17727165,NULL,NULL
235769,1673017,NULL,NULL
236133,13544958,NULL,NULL
236212,4494455,NULL,NULL
236230,44422909,NULL,NULL
236328,50028000,NULL,NULL
236452,14903967,NULL,NULL
236577,45500000,NULL,NULL
236595,101166984,NULL,NULL
236896,18980226,NULL,NULL
237057,32071433,NULL,NULL
237066,29361365,NULL,NULL
237118,7909899,NULL,NULL
237136,2245382,NULL,NULL
237145,190461,NULL,NULL
237172,689240,NULL,NULL
237181,8536658,NULL,NULL
237312,15094847,NULL,NULL
237358,9028278,NULL,NULL
237543,549153,NULL,NULL
237613,426086,NULL,NULL
237640,3685199,NULL,NULL
237905,360424,NULL,NULL
237969,12566536,NULL,NULL
238078,15935602,NULL,NULL
238096,209211,NULL,NULL
238193,21501452,NULL,NULL
238324,3459358,NULL,NULL
238333,20742320,NULL,NULL
238430,28617733,NULL,NULL
238458,28552912,NULL,NULL
238476,24882231,NULL,NULL
238573,1982746,NULL,NULL
238616,37463523,NULL,NULL
238661,22318259,NULL,NULL
238980,16245588,NULL,NULL
239017,25739616,NULL,NULL
239071,6392967,NULL,NULL
239080,15022392,NULL,NULL
239105,180536000,NULL,NULL
239169,537190000,NULL,NULL
239309,7390419,NULL,NULL
239318,29382293,NULL,NULL
239390,11504148,NULL,NULL
239424,1680934,NULL,NULL
239503,4156128,NULL,NULL
239512,8038868,NULL,NULL
239628,10359395,NULL,NULL
239637,3240984,NULL,NULL
239716,28895189,NULL,NULL
239743,4518048,NULL,NULL
240107,18834951,NULL,NULL
240213,789713,NULL,NULL
240338,10793768,NULL,NULL
241100,4699136,NULL,NULL
241191,4593812,NULL,NULL
241216,4305354,NULL,NULL
241225,4763065,NULL,NULL
241331,4620827,NULL,NULL
241377,10541807,NULL,NULL
241386,719944,NULL,NULL
241410,36319141,NULL,NULL
241517,5060735,NULL,NULL
241614,594742,NULL,NULL
241739,36538242,NULL,NULL
241793,1093846,NULL,NULL
242060,1876640,NULL,NULL
242121,980783,NULL,NULL
242617,17989689,NULL,NULL
242626,10149586,NULL,NULL
242635,12352236,NULL,NULL
242644,5508945,NULL,NULL
242653,28827121,NULL,NULL
242662,12621492,NULL,NULL
242671,11334968,NULL,NULL
242680,5586244,NULL,NULL
242699,5682051,NULL,NULL
242705,12305316,NULL,NULL
242723,5678475,NULL,NULL
243081,12846535,NULL,NULL
243346,32186694,NULL,NULL
243407,80831,NULL,NULL
243443,19835662,NULL,NULL
243498,535131,NULL,NULL
243568,7389991,NULL,NULL
243577,15880075,NULL,NULL
243601,41549886,NULL,NULL
243744,1649645000,NULL,NULL
243823,14996936,NULL,NULL
243832,5000237,NULL,NULL
244233,10946071,NULL,NULL
245652,10448603,NULL,NULL
245731,124242,NULL,NULL
245777,345578,NULL,NULL
245953,8801659,NULL,NULL
246345,742434,NULL,NULL
246789,1501591,NULL,NULL
247162,988022,NULL,NULL
247649,10877480,NULL,NULL
247773,303686,NULL,NULL
247825,760454,NULL,NULL
260947,178127,NULL,NULL
260956,382587,NULL,NULL
262022,1420033,NULL,NULL
262086,39190159,NULL,NULL
262466,654274,NULL,NULL
363712,257302,NULL,NULL
363907,1505847,NULL,NULL
363916,785904,NULL,NULL
364122,114205,NULL,NULL
365426,5703638,NULL,NULL
365505,1937436,NULL,NULL
366003,226562,NULL,NULL
366252,60966343,NULL,NULL
366261,538399,NULL,NULL
366368,2021512,NULL,NULL
366535,2957770,NULL,NULL
366571,183907,NULL,NULL
366793,1129607,NULL,NULL
367839,3049754,NULL,NULL
367884,16973686,NULL,NULL
368771,703964,NULL,NULL
368780,2651073,NULL,NULL
369002,4667425,NULL,NULL
369659,4100304,NULL,NULL
369792,175056,NULL,NULL
369817,567919,NULL,NULL
372958,3236967,NULL,NULL
373827,2305603,NULL,NULL
374024,1733923,NULL,NULL
375230,394733,NULL,NULL
375416,2972531,NULL,NULL
376385,2531287,NULL,NULL
377111,2337828,NULL,NULL
380094,2254167,NULL,NULL
381255,463177,NULL,NULL
381282,619798,NULL,NULL
381325,575972,NULL,NULL
381334,322151,NULL,NULL
381459,2040831,NULL,NULL
381741,659693,NULL,NULL
383172,2172067,NULL,NULL
383400,1010474,NULL,NULL
383507,803406,NULL,NULL
384254,3154224,NULL,NULL
384306,1151520,NULL,NULL
384421,680011,NULL,NULL
385619,6829193,NULL,NULL
386153,991113,NULL,NULL
387660,179724,NULL,NULL
388520,3954036,NULL,NULL
391810,129604,NULL,NULL
392354,161589,NULL,NULL
392840,2910767,NULL,NULL
393180,1076005,NULL,NULL
399911,13118000,NULL,NULL
401223,517307,NULL,NULL
401250,1892409,NULL,NULL
404222,2892283,NULL,NULL
404718,203607,NULL,NULL
405058,1448223,NULL,NULL
405854,422782,NULL,NULL
406200,10047000,NULL,NULL
407629,22063693,NULL,NULL
409254,8781888,NULL,NULL
409616,8210000,NULL,NULL
411754,258060,NULL,NULL
412173,4396683,NULL,NULL
412599,3408648,NULL,NULL
413617,7591351,NULL,NULL
414966,2137638,NULL,NULL
417327,2209452,NULL,NULL
417345,69998,NULL,NULL
417734,1878923,NULL,NULL
417752,341210,NULL,NULL
418126,3600822,NULL,NULL
419217,1078000,NULL,NULL
419262,97326,NULL,NULL
420246,6730046,NULL,NULL
420325,78275,NULL,NULL
420705,505554,NULL,NULL
420981,1509000,NULL,NULL
423643,56513114,NULL,NULL
427308,1293466,NULL,NULL
427894,412543,NULL,NULL
427919,436416,NULL,NULL
428338,267071,NULL,NULL
429128,1197082,NULL,NULL
430306,534517,NULL,NULL
430342,573300,NULL,NULL
430591,2393619,NULL,NULL
430670,3756099,NULL,NULL
430810,5086822,NULL,NULL
431309,10029054,NULL,NULL
431594,45801,NULL,NULL
431600,1397907,NULL,NULL
431929,855053,NULL,NULL
431983,1710649,NULL,NULL
432269,461667,NULL,NULL
432348,3834198,NULL,NULL
432357,1691507,NULL,NULL
432524,2004307,NULL,NULL
433165,84892,NULL,NULL
433217,110603,NULL,NULL
433387,92188192,NULL,NULL
434016,1849133,NULL,NULL
434034,4720613,NULL,NULL
434122,65743,NULL,NULL
434362,163536,NULL,NULL
434414,2291917,NULL,NULL
434751,1262763,NULL,NULL
434937,3666426,NULL,NULL
436012,2410281,NULL,NULL
436021,187543,NULL,NULL
436614,474805,NULL,NULL
437237,1519793,NULL,NULL
437653,1064984,NULL,NULL
437705,94466,NULL,NULL
438151,13569367,NULL,NULL
438869,1403269,NULL,NULL
439367,1453114,NULL,NULL
439446,2065771,NULL,NULL
439613,1234029,NULL,NULL
439686,1545090,NULL,NULL
439701,2714574,NULL,NULL
439783,1273608,NULL,NULL
439817,819667,NULL,NULL
439862,486639,NULL,NULL
439899,626922,NULL,NULL
439978,204730,NULL,NULL
440004,489456,NULL,NULL
440031,7421079,NULL,NULL
440138,37431259,NULL,NULL
440271,1952223,NULL,NULL
440396,953117,NULL,NULL
440651,3506218,NULL,NULL
440794,2715244,NULL,NULL
441104,3334082,NULL,NULL
441131,2637024,NULL,NULL
441238,736683,NULL,NULL
441478,1725836,NULL,NULL
441487,1000213,NULL,NULL
441511,1478203,NULL,NULL
441575,5058580,NULL,NULL
441609,548376,NULL,NULL
441627,139625,NULL,NULL
441690,600279,NULL,NULL
441982,11797819,NULL,NULL
442064,974382,NULL,NULL
442295,6330626,NULL,NULL
442356,10693410,NULL,NULL
442523,1411551,NULL,NULL
442781,2514493,NULL,NULL
442806,14872409,NULL,NULL
442949,574209,NULL,NULL
442976,524400,NULL,NULL
443030,531426,NULL,NULL
443049,1318731,NULL,NULL
443058,85845,NULL,NULL
443076,1659395,NULL,NULL
443100,250069,NULL,NULL
443128,5162639,NULL,NULL
443207,4318757,NULL,NULL
443322,2157587,NULL,NULL
443340,494733,NULL,NULL
443702,418799,NULL,NULL
444103,273677,NULL,NULL
444121,1707612,NULL,NULL
444398,1781153,NULL,NULL
444413,561942,NULL,NULL
444510,493369,NULL,NULL
444592,789269,NULL,NULL
444778,684187,NULL,NULL
444990,1658276,NULL,NULL
445203,2416195,NULL,NULL
445249,2415941,NULL,NULL
445735,26559395,NULL,NULL
445869,1967454,NULL,NULL
446048,10412856,NULL,NULL
446057,509693,NULL,NULL
446163,1004000,NULL,NULL
446233,1240114,NULL,NULL
446242,1078409,NULL,NULL
446394,170844,NULL,NULL
446455,593921,NULL,NULL
446604,5987351,NULL,NULL
446640,4487200,NULL,NULL
446677,937776,NULL,NULL
446932,4178029,NULL,NULL
447953,1206400,NULL,NULL
448284,4453305,NULL,NULL
448309,4541111,NULL,NULL
448691,1203996,NULL,NULL
448752,698259,NULL,NULL
448761,1202360,NULL,NULL
448804,1560294,NULL,NULL
449348,195654,NULL,NULL
449506,2241819,NULL,NULL
449579,283896,NULL,NULL
449658,303666,NULL,NULL
449764,993314,NULL,NULL
449870,3347606,NULL,NULL
449922,3911264,NULL,NULL
449931,2350901,NULL,NULL
450304,3236273,NULL,NULL
450766,1528764,NULL,NULL
451033,90451,NULL,NULL
451079,704440,NULL,NULL
451370,225847,NULL,NULL
451398,852168,NULL,NULL
451404,1014928,NULL,NULL
451413,2674010,NULL,NULL
451422,835748,NULL,NULL
451705,378328,NULL,NULL
451857,1515644,NULL,NULL
451866,2161617,NULL,NULL
454078,95678,NULL,NULL
454184,6225252,NULL,NULL
454704,171732,NULL,NULL
454838,239202,NULL,NULL
455035,39000,NULL,NULL
455099,533796,NULL,NULL
455220,262547,NULL,NULL
455257,800291,NULL,NULL
455406,7462067,NULL,NULL
455770,949158,NULL,NULL
455804,3098119,NULL,NULL
455813,1090969,NULL,NULL
455938,173254,NULL,NULL
455992,4107017,NULL,NULL
456481,593827,NULL,NULL
456490,766516,NULL,NULL
456542,13686512,NULL,NULL
457086,1554278,NULL,NULL
457174,1781149,NULL,NULL
457183,1151427,NULL,NULL
457226,248448,NULL,NULL
457271,1143333,NULL,NULL
457350,233480,NULL,NULL
457402,695103,NULL,NULL
457484,660502,NULL,NULL
457697,170682,NULL,NULL
457794,248620,NULL,NULL
457925,277110,NULL,NULL
458113,180000,NULL,NULL
458140,587060,NULL,NULL
458159,2571167,NULL,NULL
459417,365348,NULL,NULL
459435,488430,NULL,NULL
459444,378135,NULL,NULL
459727,2550847,NULL,NULL
459736,19791599,NULL,NULL
459824,16083000,NULL,NULL
460075,1398904,NULL,NULL
460385,572811,NULL,NULL
460783,850718,NULL,NULL
460899,2201130,NULL,NULL
460941,284305,NULL,NULL
461032,579754,NULL,NULL
461120,266719,NULL,NULL
461139,404494,NULL,NULL
461236,581697,NULL,NULL
461485,699965,NULL,NULL
461528,271948,NULL,NULL
461643,272083,NULL,NULL
461759,452255,NULL,NULL
461795,3491212,NULL,NULL
461847,215848,NULL,NULL
462044,364415,NULL,NULL
462354,2060807,NULL,NULL
465812,2970982,NULL,NULL
468246,1299000,NULL,NULL
468255,1160021,NULL,NULL
468769,464065,NULL,NULL
474863,2633819,NULL,NULL
474890,801799,NULL,NULL
474906,481359,NULL,NULL
475033,6284008,NULL,NULL
475185,2188729,NULL,NULL
475200,1745287,NULL,NULL
475237,1000,NULL,NULL
475273,9404534,NULL,NULL
475422,549293,NULL,NULL
475440,114405,NULL,NULL
475477,792923,NULL,NULL
475608,3373515,NULL,NULL
475705,364241,NULL,NULL
475811,316380,NULL,NULL
476319,23905,NULL,NULL
476470,2901060,NULL,NULL
476601,697845,NULL,NULL
476656,177118,NULL,NULL
476692,149799,NULL,NULL
476717,594442,NULL,NULL
477950,457180,NULL,NULL
478625,33835,NULL,NULL
478634,540794,NULL,NULL
480189,5281443,NULL,NULL
480569,6433006,NULL,NULL
480727,377980,NULL,NULL
480754,26333,NULL,NULL
480985,445906,NULL,NULL
481030,826305,NULL,NULL
481058,202645,NULL,NULL
481076,432404,NULL,NULL
481137,1157545,NULL,NULL
481155,736418,NULL,NULL
481225,304195,NULL,NULL
481377,29172,NULL,NULL
481401,1099000,NULL,NULL
481410,283706,NULL,NULL
481438,480927,NULL,NULL
481465,29984,NULL,NULL
481535,63388000,NULL,NULL
481571,33378,NULL,NULL
482185,483230,NULL,NULL
482228,259308,NULL,NULL
483018,4978353,NULL,NULL
100654,NULL,51371935,NULL
100663,NULL,1013304387,NULL
100706,NULL,110787026,NULL
100724,NULL,54366376,NULL
100733,NULL,12766122,NULL
100751,NULL,381053755,NULL
100760,NULL,9241942,NULL
100812,NULL,17584448,NULL
100830,NULL,40352761,NULL
100858,NULL,386146026,NULL
101028,NULL,6405990,NULL
101143,NULL,11286259,NULL
101161,NULL,13497173,NULL
101240,NULL,26859449,NULL
101286,NULL,16750134,NULL
101295,NULL,17763464,NULL
101301,NULL,9342096,NULL
101462,NULL,5860498,NULL
101471,NULL,7912970,NULL
101480,NULL,50632920,NULL
101499,NULL,5539133,NULL
101505,NULL,23870268,NULL
101514,NULL,25495486,NULL
101569,NULL,16281376,NULL
101587,NULL,13764996,NULL
101602,NULL,8224130,NULL
101648,NULL,4734248,NULL
101709,NULL,25346165,NULL
101736,NULL,14616861,NULL
101879,NULL,42067848,NULL
101897,NULL,9644266,NULL
101949,NULL,7733664,NULL
101994,NULL,4189039,NULL
102030,NULL,16434621,NULL
102067,NULL,20111776,NULL
102076,NULL,7183909,NULL
102094,NULL,306111000,NULL
102313,NULL,9173941,NULL
102368,NULL,104205288,NULL
102429,NULL,19161374,NULL
102553,NULL,135247567,NULL
102614,NULL,183592233,NULL
102632,NULL,24513412,NULL
102711,NULL,5371232,NULL
103361,NULL,3002329,NULL
103529,NULL,21653776,NULL
104151,NULL,712059000,NULL
104160,NULL,27446359,NULL
104179,NULL,744409000,NULL
104346,NULL,25432512,NULL
104425,NULL,22224184,NULL
104577,NULL,19855313,NULL
104708,NULL,58390672,NULL
105136,NULL,34325588,NULL
105145,NULL,28270466,NULL
105154,NULL,71526911,NULL
105206,NULL,16295920,NULL
105297,NULL,10094649,NULL
105330,NULL,199813555,NULL
105349,NULL,13140128,NULL
105428,NULL,38421530,NULL
105525,NULL,95359059,NULL
105668,NULL,47975537,NULL
105747,NULL,34500538,NULL
105792,NULL,17624859,NULL
106148,NULL,25801930,NULL
106245,NULL,97128491,NULL
106263,NULL,668374000,NULL
106397,NULL,313407303,NULL
106412,NULL,31673940,NULL
106449,NULL,16388167,NULL
106458,NULL,89754043,NULL
106467,NULL,46055977,NULL
106485,NULL,20360227,NULL
106625,NULL,7903912,NULL
106704,NULL,74291502,NULL
106795,NULL,5326866,NULL
106829,NULL,2462241,NULL
106883,NULL,5811633,NULL
106980,NULL,12065695,NULL
106999,NULL,5812764,NULL
107071,NULL,23746493,NULL
107318,NULL,8626971,NULL
107327,NULL,9438705,NULL
107460,NULL,9458969,NULL
107488,NULL,3412227,NULL
107521,NULL,5355683,NULL
107549,NULL,5696481,NULL
107585,NULL,7772970,NULL
107619,NULL,10002997,NULL
107637,NULL,6577757,NULL
107664,NULL,26478828,NULL
107725,NULL,5498728,NULL
107743,NULL,3958107,NULL
107974,NULL,8025460,NULL
107983,NULL,22037698,NULL
107992,NULL,8596656,NULL
108056,NULL,4457737,NULL
108092,NULL,36393902,NULL
108667,NULL,12357733,NULL
108807,NULL,36352756,NULL
109208,NULL,73521552,NULL
109350,NULL,40926989,NULL
109819,NULL,46602653,NULL
109907,NULL,9706829,NULL
110246,NULL,44240345,NULL
110334,NULL,41408446,NULL
110398,NULL,27429607,NULL
110422,NULL,148801136,NULL
110486,NULL,51712325,NULL
110495,NULL,55266163,NULL
110501,NULL,49567656,NULL
110510,NULL,101634235,NULL
110529,NULL,125113076,NULL
110538,NULL,100856563,NULL
110547,NULL,71133219,NULL
110556,NULL,119607908,NULL
110565,NULL,184760201,NULL
110574,NULL,92992918,NULL
110583,NULL,198147234,NULL
110592,NULL,118447430,NULL
110608,NULL,199106993,NULL
110617,NULL,151864633,NULL
110635,NULL,1056041000,NULL
110644,NULL,1734847000,NULL
110653,NULL,1027506000,NULL
110662,NULL,2733387149,NULL
110671,NULL,301921000,NULL
110680,NULL,1623961000,NULL
110699,NULL,2037279000,NULL
110705,NULL,396185000,NULL
110714,NULL,274302000,NULL
111188,NULL,17546057,NULL
111434,NULL,18976435,NULL
111461,NULL,55891512,NULL
111887,NULL,64918444,NULL
111896,NULL,13672432,NULL
111920,NULL,38907705,NULL
111939,NULL,56643069,NULL
112172,NULL,42693314,NULL
112190,NULL,138965530,NULL
112367,NULL,2556460,NULL
112376,NULL,11572907,NULL
112385,NULL,20423074,NULL
112561,NULL,10917071,NULL
112686,NULL,18866958,NULL
112817,NULL,7784935,NULL
112826,NULL,22574062,NULL
113096,NULL,34807758,NULL
113111,NULL,13735402,NULL
113193,NULL,35393950,NULL
113218,NULL,19487195,NULL
113236,NULL,48637373,NULL
113333,NULL,73978425,NULL
113573,NULL,29901352,NULL
113634,NULL,54998717,NULL
113856,NULL,66859554,NULL
113980,NULL,79442171,NULL
114266,NULL,24116326,NULL
114433,NULL,7545193,NULL
114716,NULL,52062860,NULL
114789,NULL,64411304,NULL
114831,NULL,4969564,NULL
114859,NULL,72956060,NULL
114938,NULL,20990522,NULL
115001,NULL,57973863,NULL
115126,NULL,35391466,NULL
115287,NULL,5888874,NULL
115296,NULL,38687656,NULL
115393,NULL,24991498,NULL
115755,NULL,68449440,NULL
115861,NULL,24943078,NULL
116439,NULL,35609662,NULL
117052,NULL,39475890,NULL
117195,NULL,9465382,NULL
117247,NULL,23818218,NULL
117274,NULL,6899709,NULL
117645,NULL,73088294,NULL
117681,NULL,23939741,NULL
117690,NULL,26114970,NULL
117706,NULL,44580948,NULL
117715,NULL,22915536,NULL
117724,NULL,42124198,NULL
117733,NULL,47257060,NULL
117788,NULL,47312574,NULL
117803,NULL,1946104,NULL
117867,NULL,24806667,NULL
117894,NULL,26714737,NULL
117900,NULL,11686495,NULL
118347,NULL,32333903,NULL
118684,NULL,14582968,NULL
118718,NULL,36604069,NULL
118772,NULL,14088847,NULL
118912,NULL,60980250,NULL
118930,NULL,29262173,NULL
118976,NULL,42584629,NULL
119067,NULL,31801561,NULL
119137,NULL,31012779,NULL
119164,NULL,112164192,NULL
119216,NULL,38387784,NULL
119331,NULL,23722753,NULL
120023,NULL,0,NULL
120290,NULL,35858189,NULL
120342,NULL,60489982,NULL
120421,NULL,18247672,NULL
120953,NULL,7454708,NULL
120971,NULL,74535198,NULL
121044,NULL,80282620,NULL
121178,NULL,13159489,NULL
121363,NULL,13030556,NULL
121619,NULL,58418056,NULL
121707,NULL,20044039,NULL
121886,NULL,45621877,NULL
121901,NULL,60359961,NULL
122180,NULL,59514873,NULL
122205,NULL,63214380,NULL
122320,NULL,153794480,NULL
122339,NULL,40319836,NULL
122375,NULL,42511937,NULL
122384,NULL,21121256,NULL
122409,NULL,196255155,NULL
122597,NULL,197749994,NULL
122658,NULL,55694176,NULL
122737,NULL,5876763,NULL
122746,NULL,28945818,NULL
122755,NULL,178950976,NULL
122782,NULL,18627313,NULL
122791,NULL,44000552,NULL
122889,NULL,68962947,NULL
122977,NULL,104258465,NULL
123013,NULL,74207777,NULL
123217,NULL,34881624,NULL
123299,NULL,26808406,NULL
123341,NULL,50287654,NULL
123484,NULL,10673538,NULL
123493,NULL,2431978,NULL
123509,NULL,31015490,NULL
123527,NULL,28981662,NULL
123563,NULL,29665105,NULL
123572,NULL,64372893,NULL
123800,NULL,57130211,NULL
123925,NULL,1940731,NULL
124113,NULL,16307502,NULL
124557,NULL,218338000,NULL
125019,NULL,6855835,NULL
125028,NULL,30822637,NULL
125091,NULL,38165036,NULL
125170,NULL,11375399,NULL
125222,NULL,35064434,NULL
125462,NULL,10354917,NULL
125471,NULL,27029531,NULL
126100,NULL,10679769,NULL
126119,NULL,23785362,NULL
126182,NULL,23968831,NULL
126207,NULL,20075496,NULL
126289,NULL,19286220,NULL
126562,NULL,815201794,NULL
126580,NULL,69327470,NULL
126614,NULL,536963610,NULL
126711,NULL,35937594,NULL
126748,NULL,6057365,NULL
126775,NULL,86059734,NULL
126818,NULL,452037359,NULL
126863,NULL,16620374,NULL
126915,NULL,1123318,NULL
126942,NULL,23900059,NULL
127158,NULL,6557158,NULL
127185,NULL,30998516,NULL
127200,NULL,49237381,NULL
127389,NULL,3607582,NULL
127556,NULL,39334722,NULL
127565,NULL,88818423,NULL
127617,NULL,5920907,NULL
127732,NULL,7110304,NULL
127741,NULL,98832640,NULL
127778,NULL,10978671,NULL
127820,NULL,38377677,NULL
127884,NULL,20141345,NULL
127909,NULL,25219257,NULL
128106,NULL,32753354,NULL
128151,NULL,2049433,NULL
128258,NULL,9697692,NULL
128300,NULL,28745029,NULL
128328,NULL,491938378,NULL
128391,NULL,16125966,NULL
128577,NULL,8607224,NULL
128771,NULL,91311191,NULL
128780,NULL,6848193,NULL
129020,NULL,885572268,NULL
129215,NULL,51645036,NULL
129367,NULL,18096444,NULL
129543,NULL,18411346,NULL
129695,NULL,25909101,NULL
129729,NULL,26690753,NULL
129756,NULL,11695767,NULL
129808,NULL,17458805,NULL
130004,NULL,25811712,NULL
130040,NULL,8205314,NULL
130217,NULL,8971307,NULL
130396,NULL,28569018,NULL
130493,NULL,92428019,NULL
130606,NULL,17758507,NULL
130624,NULL,37135544,NULL
130776,NULL,51977785,NULL
130882,NULL,4840152,NULL
130891,NULL,20048457,NULL
130907,NULL,14243697,NULL
130916,NULL,30822107,NULL
130934,NULL,54956471,NULL
131399,NULL,68558726,NULL
132374,NULL,11014030,NULL
132675,NULL,857707,NULL
132693,NULL,48624691,NULL
132709,NULL,107222944,NULL
132851,NULL,25862885,NULL
132903,NULL,378918192,NULL
132976,NULL,3333588,NULL
133021,NULL,9111080,NULL
133155,NULL,4041729,NULL
133386,NULL,57903266,NULL
133508,NULL,41448404,NULL
133650,NULL,132654614,NULL
133669,NULL,199364534,NULL
133702,NULL,104156899,NULL
133951,NULL,374958812,NULL
133960,NULL,6058624,NULL
134097,NULL,469853149,NULL
134130,NULL,1343227000,NULL
134291,NULL,3257974,NULL
134307,NULL,2280742,NULL
134343,NULL,20153320,NULL
134495,NULL,64752846,NULL
134608,NULL,57531321,NULL
135160,NULL,11005942,NULL
135179,NULL,4321124,NULL
135188,NULL,13433026,NULL
135267,NULL,4360701,NULL
135276,NULL,3082136,NULL
135294,NULL,6112531,NULL
135391,NULL,29482460,NULL
135407,NULL,7676785,NULL
135522,NULL,4311402,NULL
135647,NULL,5231118,NULL
135717,NULL,210316994,NULL
135735,NULL,5769644,NULL
136145,NULL,4846409,NULL
136172,NULL,109919105,NULL
136233,NULL,21969238,NULL
136303,NULL,3401656,NULL
136358,NULL,76527110,NULL
136400,NULL,23859388,NULL
136473,NULL,32969972,NULL
136491,NULL,4683532,NULL
136516,NULL,32329447,NULL
136659,NULL,1619906,NULL
136765,NULL,3845834,NULL
136826,NULL,8189719,NULL
137023,NULL,5454403,NULL
137078,NULL,95648798,NULL
137087,NULL,3848363,NULL
137096,NULL,47705130,NULL
137120,NULL,7744210,NULL
137209,NULL,53568521,NULL
137245,NULL,12177913,NULL
137281,NULL,18669288,NULL
137315,NULL,14413020,NULL
137351,NULL,540447375,NULL
137713,NULL,1326527,NULL
137759,NULL,51784617,NULL
137856,NULL,1440089,NULL
137865,NULL,2895252,NULL
138187,NULL,105940795,NULL
138284,NULL,2760840,NULL
138354,NULL,79323011,NULL
138372,NULL,3075455,NULL
138479,NULL,8357384,NULL
138488,NULL,2854091,NULL
138497,NULL,2848008,NULL
138558,NULL,13279409,NULL
138682,NULL,12185684,NULL
138691,NULL,20574372,NULL
138716,NULL,31172419,NULL
138789,NULL,37263481,NULL
138840,NULL,17091050,NULL
138901,NULL,11952134,NULL
138956,NULL,15307732,NULL
139010,NULL,10889175,NULL
139250,NULL,14587798,NULL
139278,NULL,19436538,NULL
139311,NULL,39646573,NULL
139357,NULL,12637999,NULL
139366,NULL,50327961,NULL
139384,NULL,19168812,NULL
139463,NULL,17757120,NULL
139621,NULL,8742522,NULL
139700,NULL,17630183,NULL
139719,NULL,31130419,NULL
139746,NULL,472661,NULL
139755,NULL,637095324,NULL
139764,NULL,16748856,NULL
139861,NULL,53333825,NULL
139904,NULL,22877845,NULL
139931,NULL,140014232,NULL
139940,NULL,299989294,NULL
139959,NULL,639370172,NULL
139968,NULL,15384309,NULL
139986,NULL,16967876,NULL
140012,NULL,21902939,NULL
140164,NULL,150152353,NULL
140243,NULL,11837863,NULL
140331,NULL,28579051,NULL
140599,NULL,7818574,NULL
140678,NULL,9295455,NULL
140942,NULL,14168824,NULL
140960,NULL,32094130,NULL
141006,NULL,8055471,NULL
141097,NULL,34552924,NULL
141158,NULL,6742625,NULL
141255,NULL,15562155,NULL
141264,NULL,73067228,NULL
141334,NULL,69438080,NULL
141565,NULL,52852678,NULL
141574,NULL,454941544,NULL
141680,NULL,24772896,NULL
141796,NULL,35055252,NULL
141802,NULL,10326929,NULL
141811,NULL,28077862,NULL
141839,NULL,22883374,NULL
141963,NULL,46581926,NULL
141981,NULL,11449759,NULL
141990,NULL,12926345,NULL
142115,NULL,142469830,NULL
142179,NULL,5520145,NULL
142276,NULL,105501838,NULL
142285,NULL,158684034,NULL
142328,NULL,23247414,NULL
142443,NULL,29760757,NULL
142559,NULL,29314320,NULL
143215,NULL,45175075,NULL
143279,NULL,24242119,NULL
143613,NULL,10979581,NULL
144005,NULL,69266347,NULL
144157,NULL,25358521,NULL
144166,NULL,24451555,NULL
144175,NULL,18841959,NULL
144184,NULL,31519089,NULL
144193,NULL,21366229,NULL
144209,NULL,24668336,NULL
144218,NULL,28238554,NULL
144500,NULL,27185609,NULL
144564,NULL,11306338,NULL
144865,NULL,103243501,NULL
144892,NULL,109233816,NULL
144944,NULL,50291729,NULL
145336,NULL,48900169,NULL
145521,NULL,10845117,NULL
145600,NULL,991165178,NULL
145637,NULL,840667308,NULL
145682,NULL,38456641,NULL
145707,NULL,4580044,NULL
145813,NULL,212977430,NULL
145831,NULL,14712659,NULL
146205,NULL,23083581,NULL
146278,NULL,10063981,NULL
146296,NULL,56253636,NULL
146348,NULL,15115709,NULL
146366,NULL,16622510,NULL
146418,NULL,15936658,NULL
146472,NULL,64533262,NULL
146506,NULL,23602622,NULL
146603,NULL,23224343,NULL
146685,NULL,32542036,NULL
147004,NULL,28305560,NULL
147378,NULL,52869723,NULL
147411,NULL,14528650,NULL
147703,NULL,236193067,NULL
147776,NULL,74316066,NULL
147800,NULL,51570381,NULL
147916,NULL,41006925,NULL
148007,NULL,21251839,NULL
148256,NULL,13174903,NULL
148292,NULL,13541616,NULL
148380,NULL,30086694,NULL
148654,NULL,45572966,NULL
148672,NULL,8385428,NULL
148821,NULL,7696502,NULL
148937,NULL,7977060,NULL
148991,NULL,6476567,NULL
149222,NULL,311014676,NULL
149231,NULL,138271629,NULL
149240,NULL,3305383,NULL
149365,NULL,24681264,NULL
149532,NULL,34714208,NULL
149587,NULL,83246466,NULL
149727,NULL,33540349,NULL
149772,NULL,127129186,NULL
149842,NULL,70249237,NULL
150136,NULL,216089205,NULL
150987,NULL,250250371,NULL
151102,NULL,68823717,NULL
151111,NULL,567776381,NULL
151306,NULL,55764457,NULL
151324,NULL,88868619,NULL
151333,NULL,14614373,NULL
151342,NULL,35513213,NULL
151351,NULL,638371825,NULL
151360,NULL,26974104,NULL
151379,NULL,31288889,NULL
151388,NULL,16128625,NULL
151537,NULL,303772,NULL
152248,NULL,54000925,NULL
152266,NULL,20065082,NULL
152637,NULL,47604336,NULL
153214,NULL,72235990,NULL
153296,NULL,5615787,NULL
153311,NULL,27231721,NULL
153445,NULL,19365060,NULL
153472,NULL,24683573,NULL
153524,NULL,21465373,NULL
153533,NULL,14660655,NULL
153603,NULL,486425661,NULL
153630,NULL,23105876,NULL
153658,NULL,1199409000,NULL
153737,NULL,65542239,NULL
153922,NULL,8932883,NULL
154059,NULL,14675811,NULL
154095,NULL,129745824,NULL
154110,NULL,18457930,NULL
154129,NULL,7057594,NULL
154378,NULL,15212505,NULL
154396,NULL,8227401,NULL
154572,NULL,18080871,NULL
154642,NULL,5879684,NULL
154697,NULL,17009520,NULL
154800,NULL,29309843,NULL
154907,NULL,7369547,NULL
154925,NULL,7600859,NULL
154934,NULL,6061076,NULL
154952,NULL,11173033,NULL
154998,NULL,9715768,NULL
155025,NULL,42726436,NULL
155052,NULL,3760415,NULL
155061,NULL,47973318,NULL
155098,NULL,6576550,NULL
155104,NULL,11013940,NULL
155140,NULL,9124631,NULL
155186,NULL,7886431,NULL
155195,NULL,20291570,NULL
155201,NULL,4569129,NULL
155210,NULL,87074885,NULL
155292,NULL,31083684,NULL
155317,NULL,578333535,NULL
155399,NULL,348921122,NULL
155423,NULL,4265566,NULL
155450,NULL,5710186,NULL
155487,NULL,3674433,NULL
155566,NULL,8232060,NULL
155593,NULL,4032300,NULL
155618,NULL,3041118,NULL
155681,NULL,48828254,NULL
155715,NULL,6358797,NULL
155830,NULL,2135033,NULL
155858,NULL,9169453,NULL
156082,NULL,47876664,NULL
156107,NULL,10399621,NULL
156125,NULL,120929976,NULL
156231,NULL,11941468,NULL
156338,NULL,9963308,NULL
156392,NULL,31994869,NULL
156620,NULL,133187298,NULL
156648,NULL,15131349,NULL
156790,NULL,13182088,NULL
156851,NULL,7272150,NULL
156860,NULL,10204826,NULL
156921,NULL,36965465,NULL
157058,NULL,29202884,NULL
157085,NULL,1114671192,NULL
157289,NULL,466975000,NULL
157304,NULL,11728765,NULL
157331,NULL,12473430,NULL
157386,NULL,61102305,NULL
157401,NULL,78453777,NULL
157438,NULL,14907455,NULL
157447,NULL,108494000,NULL
157483,NULL,16463446,NULL
157553,NULL,13011990,NULL
157711,NULL,21100844,NULL
157739,NULL,14687611,NULL
157854,NULL,23735760,NULL
157951,NULL,145749391,NULL
158088,NULL,6901545,NULL
158352,NULL,5813184,NULL
158431,NULL,20597879,NULL
158662,NULL,55537088,NULL
158884,NULL,5316897,NULL
159009,NULL,35993762,NULL
159373,NULL,270258625,NULL
159382,NULL,10322385,NULL
159391,NULL,458308439,NULL
159407,NULL,7656427,NULL
159416,NULL,18478367,NULL
159638,NULL,2197625,NULL
159647,NULL,65457328,NULL
159717,NULL,39520290,NULL
159939,NULL,74814629,NULL
159966,NULL,31744003,NULL
159993,NULL,49433735,NULL
160010,NULL,5892935,NULL
160038,NULL,39745557,NULL
160481,NULL,5928804,NULL
160533,NULL,3624071,NULL
160579,NULL,7815340,NULL
160612,NULL,70576298,NULL
160621,NULL,57112684,NULL
160630,NULL,15556157,NULL
160649,NULL,11451398,NULL
160658,NULL,158418892,NULL
160667,NULL,7225872,NULL
160913,NULL,5055351,NULL
161077,NULL,8318973,NULL
161138,NULL,8276250,NULL
161192,NULL,6983401,NULL
161217,NULL,21617000,NULL
161226,NULL,19392000,NULL
161235,NULL,6691000,NULL
161244,NULL,5266000,NULL
161253,NULL,151478000,NULL
161280,NULL,10323000,NULL
161299,NULL,13614685,NULL
161341,NULL,9194000,NULL
161484,NULL,5752547,NULL
161545,NULL,18795561,NULL
161554,NULL,84291000,NULL
161581,NULL,2879176,NULL
161688,NULL,17489017,NULL
161767,NULL,74463594,NULL
161864,NULL,31016772,NULL
161873,NULL,57019374,NULL
162007,NULL,42447735,NULL
162104,NULL,12964637,NULL
162122,NULL,36639546,NULL
162168,NULL,14935885,NULL
162283,NULL,36133367,NULL
162557,NULL,31924232,NULL
162584,NULL,45151332,NULL
162609,NULL,6595820,NULL
162690,NULL,19939858,NULL
162706,NULL,26431395,NULL
162779,NULL,49545947,NULL
163204,NULL,178017475,NULL
163259,NULL,541624898,NULL
163268,NULL,160144685,NULL
163286,NULL,815034725,NULL
163338,NULL,52109048,NULL
163426,NULL,158945860,NULL
163453,NULL,87491771,NULL
163657,NULL,63876806,NULL
163851,NULL,69495029,NULL
163912,NULL,26515814,NULL
164076,NULL,157754672,NULL
164146,NULL,10658182,NULL
164155,NULL,213554347,NULL
164313,NULL,13146328,NULL
164535,NULL,429190,NULL
164775,NULL,13871441,NULL
165024,NULL,91169083,NULL
165033,NULL,38124543,NULL
165112,NULL,41226545,NULL
165194,NULL,18188738,NULL
165608,NULL,632584,NULL
165820,NULL,39246090,NULL
165866,NULL,38937071,NULL
165981,NULL,14609249,NULL
166133,NULL,33126123,NULL
166513,NULL,158412000,NULL
166629,NULL,462451361,NULL
166638,NULL,178698000,NULL
166647,NULL,25124884,NULL
166665,NULL,37290168,NULL
166674,NULL,29976976,NULL
166692,NULL,20670169,NULL
166708,NULL,334620241,NULL
166823,NULL,31783118,NULL
166887,NULL,41344411,NULL
166957,NULL,27090018,NULL
167288,NULL,21629125,NULL
167312,NULL,35699053,NULL
167376,NULL,31010105,NULL
167525,NULL,13649904,NULL
167534,NULL,36315004,NULL
167631,NULL,16781979,NULL
167729,NULL,79448744,NULL
167871,NULL,1328958,NULL
167905,NULL,27935334,NULL
167987,NULL,107154000,NULL
168263,NULL,39922375,NULL
168430,NULL,40257621,NULL
168607,NULL,9147545,NULL
168883,NULL,9780950,NULL
169248,NULL,186819422,NULL
169275,NULL,44116146,NULL
169521,NULL,41519228,NULL
169798,NULL,162929735,NULL
169910,NULL,113834591,NULL
169974,NULL,5884366,NULL
169992,NULL,5445189,NULL
170055,NULL,61310037,NULL
170082,NULL,174999823,NULL
170240,NULL,49278326,NULL
170444,NULL,21738713,NULL
170541,NULL,31440024,NULL
170550,NULL,23380346,NULL
170587,NULL,7324761,NULL
170620,NULL,16076607,NULL
170639,NULL,19165651,NULL
170657,NULL,61154674,NULL
170790,NULL,64009353,NULL
170976,NULL,2770135000,NULL
171100,NULL,981418554,NULL
171128,NULL,110888914,NULL
171137,NULL,67199000,NULL
171146,NULL,57560000,NULL
171155,NULL,12109524,NULL
171225,NULL,15020455,NULL
171234,NULL,6354749,NULL
171304,NULL,15312460,NULL
171395,NULL,6241802,NULL
171456,NULL,61252765,NULL
171483,NULL,22436196,NULL
171535,NULL,77433158,NULL
171571,NULL,132869171,NULL
172051,NULL,58435132,NULL
172200,NULL,42280742,NULL
172291,NULL,15403289,NULL
172307,NULL,11088362,NULL
172422,NULL,4645914,NULL
172617,NULL,51413863,NULL
172635,NULL,48863094,NULL
172644,NULL,450790493,NULL
172671,NULL,6491496,NULL
172699,NULL,218018241,NULL
172918,NULL,12529000,NULL
172954,NULL,9647000,NULL
172963,NULL,25231000,NULL
173063,NULL,15310000,NULL
173115,NULL,5318000,NULL
173124,NULL,32198000,NULL
173203,NULL,16666000,NULL
173416,NULL,15256000,NULL
173461,NULL,18484000,NULL
173559,NULL,26160000,NULL
173638,NULL,14730000,NULL
173708,NULL,27216000,NULL
173735,NULL,9473000,NULL
173799,NULL,20264000,NULL
173805,NULL,6685000,NULL
173911,NULL,18577000,NULL
173920,NULL,98790000,NULL
173993,NULL,6427000,NULL
174020,NULL,38510000,NULL
174066,NULL,1321526965,NULL
174075,NULL,14246397,NULL
174136,NULL,37640000,NULL
174233,NULL,101496477,NULL
174251,NULL,19755589,NULL
174358,NULL,47687000,NULL
174376,NULL,24556000,NULL
174428,NULL,33992000,NULL
174473,NULL,15914000,NULL
174570,NULL,6538000,NULL
174604,NULL,2310000,NULL
174738,NULL,24124000,NULL
174756,NULL,18842000,NULL
174783,NULL,104058000,NULL
175041,NULL,21750000,NULL
175078,NULL,22852000,NULL
175157,NULL,3905000,NULL
175236,NULL,19115000,NULL
175263,NULL,11164000,NULL
175272,NULL,60164000,NULL
175315,NULL,40372000,NULL
175342,NULL,34634023,NULL
175519,NULL,12550157,NULL
175573,NULL,15728385,NULL
175616,NULL,26442879,NULL
175643,NULL,11637283,NULL
175652,NULL,17813723,NULL
175786,NULL,55392584,NULL
175810,NULL,22289321,NULL
175829,NULL,28262958,NULL
175856,NULL,76710258,NULL
175883,NULL,18050707,NULL
175935,NULL,16241062,NULL
175999,NULL,10558744,NULL
176008,NULL,15002408,NULL
176017,NULL,175357859,NULL
176026,NULL,567576689,NULL
176035,NULL,18396832,NULL
176044,NULL,21804315,NULL
176071,NULL,37593676,NULL
176080,NULL,275484735,NULL
176169,NULL,14612402,NULL
176178,NULL,30863093,NULL
176239,NULL,19133127,NULL
176354,NULL,9870878,NULL
176372,NULL,131380086,NULL
176798,NULL,1183072,NULL
176965,NULL,76536838,NULL
176983,NULL,1221935,NULL
177056,NULL,812880,NULL
177135,NULL,16777759,NULL
177250,NULL,12056264,NULL
177436,NULL,1392977,NULL
177472,NULL,36130705,NULL
177551,NULL,11580686,NULL
177676,NULL,17842674,NULL
177870,NULL,62362,NULL
177940,NULL,25568409,NULL
177977,NULL,8014336,NULL
178129,NULL,67759794,NULL
178217,NULL,12179467,NULL
178341,NULL,28857256,NULL
178387,NULL,29723877,NULL
178396,NULL,916306113,NULL
178402,NULL,190778631,NULL
178411,NULL,86883939,NULL
178420,NULL,105988128,NULL
178439,NULL,31261388,NULL
178448,NULL,12415831,NULL
178466,NULL,1221978,NULL
178606,NULL,408086,NULL
178615,NULL,45042155,NULL
178624,NULL,38607510,NULL
178828,NULL,1166781,NULL
179052,NULL,1456816,NULL
179238,NULL,368640,NULL
179308,NULL,104745302,NULL
179344,NULL,6789939,NULL
179539,NULL,13472146,NULL
179557,NULL,63529578,NULL
179566,NULL,126234812,NULL
179645,NULL,8988882,NULL
179715,NULL,6607868,NULL
179724,NULL,231193,NULL
179742,NULL,353062,NULL
180151,NULL,2527730,NULL
180160,NULL,2467828,NULL
180179,NULL,26611894,NULL
180197,NULL,12005099,NULL
180203,NULL,2478688,NULL
180212,NULL,3556271,NULL
180249,NULL,7236747,NULL
180276,NULL,5122862,NULL
180328,NULL,2776500,NULL
180373,NULL,3084648,NULL
180416,NULL,24477917,NULL
180461,NULL,165042196,NULL
180489,NULL,150053211,NULL
180522,NULL,10175821,NULL
180692,NULL,10289673,NULL
180902,NULL,27368204,NULL
180948,NULL,15706487,NULL
181215,NULL,46344363,NULL
181303,NULL,56438730,NULL
181312,NULL,11398639,NULL
181394,NULL,102140109,NULL
181419,NULL,1029617,NULL
181428,NULL,249734173,NULL
181464,NULL,405112273,NULL
181491,NULL,19790868,NULL
181534,NULL,9798779,NULL
181640,NULL,49355348,NULL
181747,NULL,6684911,NULL
181765,NULL,2272231,NULL
181783,NULL,21377740,NULL
181817,NULL,11399619,NULL
182005,NULL,82275000,NULL
182281,NULL,248668000,NULL
182290,NULL,264062600,NULL
182306,NULL,13372673,NULL
182500,NULL,33439000,NULL
182519,NULL,12516000,NULL
182564,NULL,14061000,NULL
183044,NULL,233100114,NULL
183062,NULL,45862196,NULL
183071,NULL,7481299,NULL
183080,NULL,43923530,NULL
183099,NULL,17735306,NULL
183105,NULL,4939763,NULL
183114,NULL,4929789,NULL
183123,NULL,5820774,NULL
183132,NULL,9718243,NULL
183141,NULL,7809824,NULL
183150,NULL,8426160,NULL
183257,NULL,7940205,NULL
183327,NULL,6399812,NULL
183655,NULL,25182142,NULL
183743,NULL,66723111,NULL
183859,NULL,55706158,NULL
183877,NULL,24675555,NULL
183938,NULL,47403943,NULL
183983,NULL,768926,NULL
184180,NULL,34161125,NULL
184205,NULL,15713809,NULL
184481,NULL,42705420,NULL
184782,NULL,121457743,NULL
184791,NULL,22237005,NULL
184995,NULL,24098020,NULL
185129,NULL,83872575,NULL
185262,NULL,105089118,NULL
185509,NULL,39047127,NULL
185536,NULL,39336040,NULL
185590,NULL,160213970,NULL
185828,NULL,135004000,NULL
185873,NULL,29589306,NULL
186034,NULL,30689247,NULL
186201,NULL,62593000,NULL
186380,NULL,1005141000,NULL
186469,NULL,5645242,NULL
186645,NULL,28293221,NULL
186876,NULL,87928455,NULL
187046,NULL,23854762,NULL
187134,NULL,92279000,NULL
187198,NULL,44556125,NULL
187444,NULL,115039713,NULL
187532,NULL,73308279,NULL
187596,NULL,7704588,NULL
187620,NULL,23559160,NULL
187639,NULL,8257197,NULL
187648,NULL,26660452,NULL
187666,NULL,12680514,NULL
187745,NULL,5746092,NULL
187897,NULL,27707557,NULL
187903,NULL,13059852,NULL
187912,NULL,5817482,NULL
187958,NULL,8573940,NULL
187967,NULL,43997780,NULL
187976,NULL,2912528,NULL
187985,NULL,940828685,NULL
187994,NULL,8190593,NULL
188003,NULL,5797350,NULL
188021,NULL,2966629,NULL
188030,NULL,213535219,NULL
188049,NULL,7327561,NULL
188058,NULL,11734423,NULL
188100,NULL,26471272,NULL
188137,NULL,24530644,NULL
188216,NULL,5941283,NULL
188225,NULL,5131496,NULL
188261,NULL,2787453,NULL
188304,NULL,19099699,NULL
188438,NULL,15368978,NULL
189547,NULL,26659340,NULL
189839,NULL,17437490,NULL
190035,NULL,134457433,NULL
190053,NULL,8903720,NULL
190169,NULL,9055209,NULL
190442,NULL,16482818,NULL
190512,NULL,114445944,NULL
190521,NULL,108979470,NULL
190530,NULL,72565322,NULL
190549,NULL,118477347,NULL
190558,NULL,88678640,NULL
190567,NULL,150316161,NULL
190576,NULL,107377833,NULL
190585,NULL,48999638,NULL
190594,NULL,171591369,NULL
190600,NULL,92735441,NULL
190619,NULL,91491377,NULL
190628,NULL,100535133,NULL
190637,NULL,87894421,NULL
190646,NULL,52953415,NULL
190655,NULL,92289838,NULL
190664,NULL,128595800,NULL
190673,NULL,82043046,NULL
190682,NULL,13927512,NULL
190691,NULL,54579856,NULL
190840,NULL,33153990,NULL
191083,NULL,54640613,NULL
191126,NULL,94876026,NULL
191199,NULL,24402329,NULL
191302,NULL,11400021,NULL
191339,NULL,18821090,NULL
191612,NULL,11128427,NULL
191719,NULL,49225218,NULL
191986,NULL,19688570,NULL
192022,NULL,15280822,NULL
193122,NULL,892577,NULL
193283,NULL,27816876,NULL
193326,NULL,69628358,NULL
193478,NULL,128810667,NULL
193946,NULL,23469083,NULL
194028,NULL,5685204,NULL
194222,NULL,44114527,NULL
194240,NULL,37365798,NULL
194259,NULL,184765,NULL
195058,NULL,35062776,NULL
195322,NULL,12908629,NULL
195827,NULL,65462624,NULL
195988,NULL,8286927,NULL
196006,NULL,28289052,NULL
196015,NULL,23799825,NULL
196024,NULL,21346186,NULL
196033,NULL,23979534,NULL
196042,NULL,53531849,NULL
196051,NULL,24973595,NULL
196060,NULL,233097752,NULL
196079,NULL,170402745,NULL
196088,NULL,430308964,NULL
196097,NULL,872155531,NULL
196103,NULL,35016548,NULL
196112,NULL,18692941,NULL
196121,NULL,68680496,NULL
196130,NULL,97117294,NULL
196149,NULL,59902173,NULL
196158,NULL,48103191,NULL
196167,NULL,48136927,NULL
196176,NULL,65114636,NULL
196185,NULL,55346446,NULL
196194,NULL,68043226,NULL
196200,NULL,44965714,NULL
196219,NULL,48770221,NULL
196228,NULL,23841701,NULL
196237,NULL,34472622,NULL
196246,NULL,54196731,NULL
196255,NULL,444647256,NULL
196264,NULL,60820537,NULL
196291,NULL,20276949,NULL
196307,NULL,383556292,NULL
196565,NULL,20812854,NULL
196699,NULL,10395544,NULL
197027,NULL,25959742,NULL
197036,NULL,157728978,NULL
197294,NULL,64484239,NULL
197814,NULL,10776952,NULL
197850,NULL,10804315,NULL
197869,NULL,168321137,NULL
197887,NULL,29191015,NULL
197966,NULL,9071783,NULL
198011,NULL,7823549,NULL
198039,NULL,9147379,NULL
198084,NULL,9000696,NULL
198118,NULL,19573807,NULL
198154,NULL,35727116,NULL
198206,NULL,9217397,NULL
198233,NULL,20689428,NULL
198251,NULL,23491874,NULL
198260,NULL,78670220,NULL
198321,NULL,12463114,NULL
198330,NULL,19538258,NULL
198367,NULL,13711388,NULL
198376,NULL,18898394,NULL
198455,NULL,21472094,NULL
198464,NULL,412612234,NULL
198491,NULL,13347326,NULL
198507,NULL,35736256,NULL
198534,NULL,45562007,NULL
198543,NULL,52627374,NULL
198552,NULL,38071974,NULL
198570,NULL,27377110,NULL
198622,NULL,49968550,NULL
198640,NULL,8837175,NULL
198668,NULL,10611924,NULL
198710,NULL,11907603,NULL
198729,NULL,7886959,NULL
198774,NULL,18692329,NULL
198817,NULL,17421165,NULL
198905,NULL,3999210,NULL
198914,NULL,7567053,NULL
198923,NULL,7259487,NULL
198987,NULL,14161184,NULL
199023,NULL,5223869,NULL
199087,NULL,13263474,NULL
199102,NULL,126920169,NULL
199111,NULL,38942788,NULL
199120,NULL,1123696268,NULL
199139,NULL,230763178,NULL
199148,NULL,183449637,NULL
199157,NULL,94468412,NULL
199175,NULL,26824930,NULL
199184,NULL,24221101,NULL
199193,NULL,632800888,NULL
199218,NULL,122654547,NULL
199263,NULL,3884804,NULL
199281,NULL,50134988,NULL
199324,NULL,12397889,NULL
199333,NULL,30745651,NULL
199421,NULL,11971315,NULL
199449,NULL,11649587,NULL
199467,NULL,5289020,NULL
199476,NULL,14182139,NULL
199485,NULL,10995184,NULL
199494,NULL,26874821,NULL
199625,NULL,8124901,NULL
199634,NULL,19300417,NULL
199722,NULL,11403327,NULL
199731,NULL,10599948,NULL
199740,NULL,13196076,NULL
199768,NULL,17089028,NULL
199786,NULL,17128011,NULL
199795,NULL,5250600,NULL
199838,NULL,17419352,NULL
199856,NULL,71902045,NULL
199892,NULL,16440078,NULL
199908,NULL,13916205,NULL
199926,NULL,14971176,NULL
199953,NULL,8939471,NULL
199999,NULL,67168077,NULL
200004,NULL,86606788,NULL
200022,NULL,18929646,NULL
200059,NULL,12832040,NULL
200086,NULL,2149321,NULL
200192,NULL,7111615,NULL
200208,NULL,3741755,NULL
200226,NULL,8316760,NULL
200253,NULL,26300861,NULL
200280,NULL,215421312,NULL
200305,NULL,19036700,NULL
200314,NULL,3699304,NULL
200332,NULL,176903046,NULL
200341,NULL,6796164,NULL
200466,NULL,1676086,NULL
200572,NULL,10117433,NULL
200800,NULL,221287262,NULL
200828,NULL,403014,NULL
201034,NULL,1651804,NULL
201098,NULL,749577,NULL
201131,NULL,988146,NULL
201159,NULL,1464640,NULL
201283,NULL,7272126,NULL
201441,NULL,169424344,NULL
201478,NULL,1179022,NULL
201496,NULL,2163137,NULL
201539,NULL,1190897,NULL
201672,NULL,13139162,NULL
201690,NULL,24839506,NULL
201803,NULL,515255,NULL
201885,NULL,431748503,NULL
201928,NULL,43591029,NULL
201946,NULL,14271504,NULL
201955,NULL,20391090,NULL
201973,NULL,15762090,NULL
202134,NULL,119567722,NULL
202152,NULL,651271,NULL
202222,NULL,97316443,NULL
202356,NULL,132691348,NULL
202648,NULL,9016639,NULL
202657,NULL,1966833,NULL
202949,NULL,3670482,NULL
202985,NULL,379966,NULL
203030,NULL,1306253,NULL
203155,NULL,25408362,NULL
203331,NULL,8866885,NULL
203447,NULL,6875705,NULL
203456,NULL,3657443,NULL
203465,NULL,15820176,NULL
203474,NULL,8467456,NULL
203483,NULL,7623375,NULL
203492,NULL,6224074,NULL
203517,NULL,237340523,NULL
203526,NULL,5791700,NULL
203599,NULL,37197273,NULL
203614,NULL,1824640,NULL
203678,NULL,13944696,NULL
203748,NULL,45303977,NULL
203881,NULL,8336447,NULL
203942,NULL,406671,NULL
204006,NULL,12341128,NULL
204015,NULL,9648312,NULL
204024,NULL,190554488,NULL
204158,NULL,2414589,NULL
204255,NULL,9698023,NULL
204422,NULL,10500016,NULL
204440,NULL,9950556,NULL
204459,NULL,713463,NULL
204477,NULL,25527456,NULL
204662,NULL,5302089,NULL
204671,NULL,8102830,NULL
204680,NULL,8317406,NULL
204699,NULL,8353681,NULL
204705,NULL,12698942,NULL
204796,NULL,2158724547,NULL
204802,NULL,3442951,NULL
204820,NULL,8445879,NULL
204839,NULL,7535793,NULL
204848,NULL,7614171,NULL
204857,NULL,266581214,NULL
204866,NULL,7472860,NULL
204945,NULL,55759161,NULL
204981,NULL,586549,NULL
205443,NULL,30326284,NULL
205470,NULL,81054110,NULL
205841,NULL,43764201,NULL
205966,NULL,11434294,NULL
206011,NULL,9925710,NULL
206084,NULL,382500141,NULL
206172,NULL,511443,NULL
206181,NULL,906609,NULL
206321,NULL,1178540,NULL
206446,NULL,7251534,NULL
206604,NULL,176367210,NULL
206613,NULL,3879609,NULL
206695,NULL,92636300,NULL
206905,NULL,2700723,NULL
206914,NULL,27194232,NULL
206923,NULL,10670137,NULL
206941,NULL,79371872,NULL
206996,NULL,6501186,NULL
207041,NULL,23462321,NULL
207050,NULL,7078190,NULL
207069,NULL,9136166,NULL
207209,NULL,20750145,NULL
207236,NULL,8492710,NULL
207263,NULL,46936718,NULL
207281,NULL,13295640,NULL
207290,NULL,8351425,NULL
207306,NULL,12257796,NULL
207315,NULL,38109994,NULL
207342,NULL,448910000,NULL
207351,NULL,7222504,NULL
207388,NULL,298721733,NULL
207397,NULL,17128272,NULL
207449,NULL,32719200,NULL
207500,NULL,342521000,NULL
207564,NULL,16032247,NULL
207661,NULL,18235271,NULL
207670,NULL,22477735,NULL
207722,NULL,7850170,NULL
207740,NULL,7161153,NULL
207847,NULL,22648268,NULL
207865,NULL,29276142,NULL
207935,NULL,67196857,NULL
208026,NULL,1170147,NULL
208035,NULL,6971074,NULL
208053,NULL,2610268,NULL
208275,NULL,10900172,NULL
208318,NULL,23967341,NULL
208390,NULL,48964276,NULL
208406,NULL,30215640,NULL
208415,NULL,6093399,NULL
208646,NULL,22770191,NULL
209038,NULL,62245996,NULL
209074,NULL,29109211,NULL
209250,NULL,34400000,NULL
209445,NULL,7503535,NULL
209490,NULL,981266000,NULL
209506,NULL,24559291,NULL
209542,NULL,375612977,NULL
209551,NULL,324433701,NULL
209746,NULL,139281820,NULL
209807,NULL,198395597,NULL
209940,NULL,23213063,NULL
210146,NULL,36236932,NULL
210155,NULL,12450747,NULL
210234,NULL,11204968,NULL
210270,NULL,13703198,NULL
210429,NULL,39480691,NULL
210605,NULL,73690184,NULL
211079,NULL,9591434,NULL
211158,NULL,73735769,NULL
211307,NULL,42012339,NULL
211343,NULL,15093501,NULL
211361,NULL,59513979,NULL
211608,NULL,17861518,NULL
211644,NULL,49339288,NULL
211927,NULL,44031556,NULL
212115,NULL,52210999,NULL
212160,NULL,54347397,NULL
212878,NULL,75682933,NULL
213020,NULL,111850710,NULL
213349,NULL,67983245,NULL
213525,NULL,21324752,NULL
213613,NULL,40588410,NULL
213659,NULL,23182689,NULL
213783,NULL,28052733,NULL
214041,NULL,68467714,NULL
214111,NULL,45988357,NULL
214379,NULL,40155385,NULL
214661,NULL,12997575,NULL
215239,NULL,76347505,NULL
215585,NULL,16736112,NULL
215886,NULL,610008,NULL
216010,NULL,61548201,NULL
216038,NULL,64152414,NULL
216296,NULL,7223829,NULL
216764,NULL,105716934,NULL
216825,NULL,22948633,NULL
217420,NULL,72425690,NULL
217475,NULL,63282499,NULL
217484,NULL,198436752,NULL
217615,NULL,10248126,NULL
217712,NULL,9288451,NULL
217819,NULL,98159971,NULL
217837,NULL,4272045,NULL
217864,NULL,44242288,NULL
217882,NULL,310730804,NULL
217989,NULL,6451884,NULL
218025,NULL,18885699,NULL
218061,NULL,30044442,NULL
218113,NULL,48829931,NULL
218140,NULL,21420115,NULL
218229,NULL,21620190,NULL
218335,NULL,264363273,NULL
218353,NULL,44959110,NULL
218487,NULL,11617387,NULL
218520,NULL,18241025,NULL
218645,NULL,20646193,NULL
218654,NULL,11546602,NULL
218663,NULL,440333183,NULL
218672,NULL,7565552,NULL
218681,NULL,4009950,NULL
218690,NULL,4448063,NULL
218706,NULL,2114326,NULL
218724,NULL,75320830,NULL
218733,NULL,42058383,NULL
218742,NULL,34148327,NULL
218830,NULL,19581607,NULL
218858,NULL,14645678,NULL
218885,NULL,20148143,NULL
218894,NULL,52078921,NULL
218955,NULL,2934068,NULL
218964,NULL,56539553,NULL
218991,NULL,18846144,NULL
219046,NULL,22337831,NULL
219082,NULL,16947926,NULL
219143,NULL,7482387,NULL
219189,NULL,5893396,NULL
219259,NULL,19054757,NULL
219277,NULL,12451104,NULL
219347,NULL,27922441,NULL
219356,NULL,121494838,NULL
219408,NULL,1773312,NULL
219426,NULL,10284264,NULL
219471,NULL,86504619,NULL
219480,NULL,4088013,NULL
219596,NULL,1263889,NULL
219602,NULL,56959291,NULL
219824,NULL,35105804,NULL
219879,NULL,11132515,NULL
219888,NULL,14663585,NULL
219921,NULL,898839,NULL
219994,NULL,2242259,NULL
220057,NULL,11829758,NULL
220075,NULL,159245925,NULL
220127,NULL,1922682,NULL
220251,NULL,1154641,NULL
220279,NULL,1608780,NULL
220321,NULL,1671206,NULL
220394,NULL,958887,NULL
220400,NULL,13562660,NULL
220640,NULL,1580519,NULL
220756,NULL,994580,NULL
220853,NULL,3333764,NULL
220862,NULL,189062483,NULL
220978,NULL,154309705,NULL
221050,NULL,2726097,NULL
221096,NULL,12843053,NULL
221102,NULL,2146921,NULL
221184,NULL,22298705,NULL
221236,NULL,1212452,NULL
221281,NULL,1541187,NULL
221333,NULL,1726511,NULL
221388,NULL,899763,NULL
221397,NULL,21734928,NULL
221430,NULL,1110100,NULL
221485,NULL,34415886,NULL
221494,NULL,1890050,NULL
221582,NULL,1125481,NULL
221591,NULL,1691373,NULL
221607,NULL,1206054,NULL
221616,NULL,2639877,NULL
221625,NULL,2481377,NULL
221634,NULL,923478,NULL
221643,NULL,31848000,NULL
221740,NULL,78139571,NULL
221759,NULL,821094076,NULL
221768,NULL,46667572,NULL
221838,NULL,77600211,NULL
221847,NULL,66169080,NULL
221908,NULL,18405425,NULL
222053,NULL,23360546,NULL
222062,NULL,23946235,NULL
222497,NULL,24552699,NULL
222567,NULL,19800695,NULL
222576,NULL,37882087,NULL
222822,NULL,14683296,NULL
222831,NULL,46128322,NULL
222992,NULL,156603118,NULL
223214,NULL,111120240,NULL
223320,NULL,12772032,NULL
223427,NULL,41915436,NULL
223506,NULL,16469576,NULL
223524,NULL,30156921,NULL
223773,NULL,17825637,NULL
223816,NULL,50915090,NULL
223898,NULL,8734227,NULL
223922,NULL,4033804,NULL
224110,NULL,19022931,NULL
224147,NULL,72218435,NULL
224253,NULL,21026369,NULL
224350,NULL,40808481,NULL
224545,NULL,12154884,NULL
224554,NULL,63076315,NULL
224572,NULL,28616315,NULL
224615,NULL,31932478,NULL
224642,NULL,82149872,NULL
224891,NULL,3970635,NULL
224961,NULL,9506093,NULL
225070,NULL,14176038,NULL
225308,NULL,20173593,NULL
225371,NULL,10949049,NULL
225414,NULL,51028736,NULL
225423,NULL,174038967,NULL
225432,NULL,59214649,NULL
225502,NULL,23704041,NULL
225511,NULL,393280321,NULL
225520,NULL,14658959,NULL
226019,NULL,20864551,NULL
226091,NULL,75655311,NULL
226107,NULL,8258821,NULL
226116,NULL,10895361,NULL
226134,NULL,34935468,NULL
226152,NULL,40513397,NULL
226204,NULL,24826560,NULL
226408,NULL,21744345,NULL
226578,NULL,33751856,NULL
226806,NULL,23730237,NULL
226833,NULL,35049225,NULL
226930,NULL,20322091,NULL
227146,NULL,25417467,NULL
227182,NULL,159538980,NULL
227191,NULL,28059383,NULL
227216,NULL,252825921,NULL
227225,NULL,10354147,NULL
227304,NULL,19388854,NULL
227368,NULL,110622573,NULL
227377,NULL,63897045,NULL
227386,NULL,8406526,NULL
227401,NULL,13496460,NULL
227526,NULL,71538320,NULL
227687,NULL,4052031,NULL
227766,NULL,43494859,NULL
227854,NULL,28956416,NULL
227881,NULL,119310344,NULL
227924,NULL,60884618,NULL
227979,NULL,85584608,NULL
228158,NULL,27514621,NULL
228316,NULL,16885353,NULL
228431,NULL,86998147,NULL
228459,NULL,222809493,NULL
228501,NULL,20630159,NULL
228529,NULL,56566527,NULL
228547,NULL,146535027,NULL
228608,NULL,16539334,NULL
228635,NULL,999967883,NULL
228644,NULL,405877990,NULL
228653,NULL,808958782,NULL
228671,NULL,3075302,NULL
228680,NULL,29185970,NULL
228699,NULL,12549846,NULL
228705,NULL,73931456,NULL
228723,NULL,919728574,NULL
228732,NULL,13487404,NULL
228769,NULL,220768482,NULL
228778,NULL,1037955297,NULL
228787,NULL,220584177,NULL
228796,NULL,159191155,NULL
228802,NULL,47962653,NULL
228909,NULL,122712419,NULL
229018,NULL,22025715,NULL
229027,NULL,222862325,NULL
229063,NULL,93242587,NULL
229090,NULL,36034358,NULL
229115,NULL,308811807,NULL
229179,NULL,85049956,NULL
229300,NULL,621960675,NULL
229319,NULL,22324717,NULL
229328,NULL,9968604,NULL
229337,NULL,386992726,NULL
229355,NULL,34114814,NULL
229407,NULL,7128838,NULL
229504,NULL,11008559,NULL
229540,NULL,16348473,NULL
229799,NULL,18861637,NULL
229814,NULL,45458956,NULL
229832,NULL,7218314,NULL
229841,NULL,20583661,NULL
230010,NULL,3824263,NULL
230162,NULL,8974269,NULL
230171,NULL,31869638,NULL
230490,NULL,7794752,NULL
230597,NULL,17476363,NULL
230603,NULL,48885591,NULL
230676,NULL,4186622,NULL
230728,NULL,262130549,NULL
230737,NULL,115259382,NULL
230746,NULL,83782205,NULL
230764,NULL,1264939000,NULL
230782,NULL,93555257,NULL
230834,NULL,18253332,NULL
230861,NULL,18386772,NULL
230913,NULL,12493284,NULL
230931,NULL,12136308,NULL
231156,NULL,2183976,NULL
231165,NULL,18000150,NULL
231174,NULL,263829000,NULL
231536,NULL,12995698,NULL
231624,NULL,150049515,NULL
231688,NULL,200411,NULL
231697,NULL,12528549,NULL
231712,NULL,40847948,NULL
231873,NULL,5319438,NULL
231882,NULL,11563453,NULL
232052,NULL,4370605,NULL
232186,NULL,360509234,NULL
232195,NULL,18118808,NULL
232414,NULL,36515135,NULL
232423,NULL,162839484,NULL
232450,NULL,24040148,NULL
232566,NULL,44152252,NULL
232575,NULL,17327046,NULL
232681,NULL,45120032,NULL
232788,NULL,9728374,NULL
232867,NULL,13539374,NULL
232937,NULL,61114026,NULL
232946,NULL,155899303,NULL
232982,NULL,172135987,NULL
233019,NULL,11641457,NULL
233037,NULL,6535072,NULL
233116,NULL,14406369,NULL
233277,NULL,73475175,NULL
233310,NULL,11091088,NULL
233338,NULL,6200164,NULL
233639,NULL,19104846,NULL
233648,NULL,12055351,NULL
233754,NULL,27813635,NULL
233772,NULL,85717734,NULL
233897,NULL,17476424,NULL
233903,NULL,8915931,NULL
233921,NULL,559693210,NULL
233949,NULL,19532863,NULL
234030,NULL,419319937,NULL
234076,NULL,1055234289,NULL
234085,NULL,33854666,NULL
234155,NULL,52984370,NULL
234225,NULL,392049,NULL
234359,NULL,8021742,NULL
234377,NULL,9408005,NULL
234669,NULL,48997562,NULL
234696,NULL,12162930,NULL
234711,NULL,13241421,NULL
234827,NULL,84032007,NULL
234845,NULL,14515454,NULL
234933,NULL,44880975,NULL
234951,NULL,18762842,NULL
234979,NULL,22041519,NULL
235097,NULL,84277584,NULL
235103,NULL,43447041,NULL
235149,NULL,31431257,NULL
235167,NULL,41290714,NULL
235237,NULL,22951216,NULL
235334,NULL,10046611,NULL
235343,NULL,36152496,NULL
235431,NULL,30222280,NULL
235671,NULL,18959666,NULL
235699,NULL,17286675,NULL
235750,NULL,19074723,NULL
236072,NULL,25336312,NULL
236188,NULL,25481022,NULL
236258,NULL,12333068,NULL
236382,NULL,16085913,NULL
236504,NULL,25474853,NULL
236513,NULL,34882204,NULL
236610,NULL,25146181,NULL
236638,NULL,21834457,NULL
236656,NULL,19130421,NULL
236692,NULL,28451383,NULL
236708,NULL,40078693,NULL
236753,NULL,29474912,NULL
236887,NULL,21722733,NULL
236939,NULL,412202733,NULL
236948,NULL,1894509803,NULL
236975,NULL,14810035,NULL
237011,NULL,121029531,NULL
237039,NULL,16095774,NULL
237109,NULL,19262153,NULL
237215,NULL,11755199,NULL
237242,NULL,1907029,NULL
237330,NULL,17968908,NULL
237367,NULL,26661826,NULL
237385,NULL,11140763,NULL
237473,NULL,2718090,NULL
237491,NULL,135991,NULL
237525,NULL,120044911,NULL
237561,NULL,1755551,NULL
237686,NULL,11377136,NULL
237729,NULL,356384,NULL
237792,NULL,26729917,NULL
237817,NULL,9161638,NULL
237844,NULL,183848,NULL
237880,NULL,17740289,NULL
237899,NULL,22617911,NULL
237932,NULL,18686184,NULL
238014,NULL,7750353,NULL
238032,NULL,460323918,NULL
238263,NULL,100602110,NULL
238397,NULL,18182879,NULL
238722,NULL,62994784,NULL
238759,NULL,48619610,NULL
239008,NULL,18139625,NULL
239220,NULL,15786421,NULL
239248,NULL,125979721,NULL
239372,NULL,26307633,NULL
239442,NULL,12722234,NULL
239460,NULL,27253529,NULL
239488,NULL,53894767,NULL
239910,NULL,13181963,NULL
240055,NULL,52289268,NULL
240116,NULL,34040575,NULL
240125,NULL,43031708,NULL
240170,NULL,28359793,NULL
240189,NULL,74634601,NULL
240198,NULL,27983134,NULL
240268,NULL,78423683,NULL
240277,NULL,38451515,NULL
240329,NULL,65684198,NULL
240365,NULL,77062035,NULL
240374,NULL,29884762,NULL
240417,NULL,64580724,NULL
240426,NULL,23937654,NULL
240435,NULL,14425909,NULL
240444,NULL,1152963989,NULL
240453,NULL,260826736,NULL
240462,NULL,53767054,NULL
240471,NULL,42430834,NULL
240480,NULL,68586348,NULL
240505,NULL,24682070,NULL
240514,NULL,11618037,NULL
240596,NULL,7304240,NULL
240620,NULL,23735779,NULL
240657,NULL,12278699,NULL
240666,NULL,13518150,NULL
240693,NULL,16603771,NULL
240727,NULL,217480113,NULL
240736,NULL,7801913,NULL
240745,NULL,13209866,NULL
240754,NULL,34108467,NULL
240790,NULL,6853566,NULL
241720,NULL,2054732,NULL
241766,NULL,5549101,NULL
241951,NULL,2573028,NULL
242042,NULL,612500,NULL
242556,NULL,3101167,NULL
242565,NULL,1314016,NULL
242583,NULL,1872360,NULL
243106,NULL,15510255,NULL
243115,NULL,22787796,NULL
243133,NULL,26493040,NULL
243142,NULL,19755641,NULL
243151,NULL,26314352,NULL
243160,NULL,21396486,NULL
243179,NULL,31233567,NULL
243188,NULL,10970519,NULL
243197,NULL,131368809,NULL
243203,NULL,155096482,NULL
243212,NULL,18056469,NULL
243221,NULL,150362398,NULL
243638,NULL,7204118,NULL
243647,NULL,3295432,NULL
243665,NULL,30236016,NULL
243780,NULL,757632850,NULL
243799,NULL,435541,NULL
244437,NULL,71822783,NULL
244446,NULL,16833467,NULL
245625,NULL,7196536,NULL
245999,NULL,20894161,NULL
246017,NULL,8634422,NULL
246071,NULL,482003,NULL
246354,NULL,19855558,NULL
246813,NULL,15625125,NULL
247083,NULL,1926252,NULL
247603,NULL,10614000,NULL
247737,NULL,2470008,NULL
247834,NULL,70206931,NULL
247940,NULL,12481537,NULL
248606,NULL,6404588,NULL
248624,NULL,2254885,NULL
248633,NULL,435083,NULL
248776,NULL,5693307,NULL
248925,NULL,3839242,NULL
250993,NULL,1044109,NULL
251260,NULL,13651092,NULL
260336,NULL,202663,NULL
260363,NULL,180683,NULL
260372,NULL,2796018,NULL
260381,NULL,60295885,NULL
261375,NULL,18405909,NULL
261773,NULL,188195,NULL
262031,NULL,26857623,NULL
262129,NULL,14733584,NULL
363165,NULL,18041894,NULL
363633,NULL,6477835,NULL
364016,NULL,26272869,NULL
364025,NULL,31435216,NULL
364548,NULL,3763090,NULL
364575,NULL,1298910,NULL
364618,NULL,335954,NULL
364627,NULL,4461047,NULL
364636,NULL,624090,NULL
364946,NULL,4655149,NULL
364964,NULL,367788,NULL
365198,NULL,4401271,NULL
365213,NULL,5846254,NULL
365240,NULL,721356,NULL
365374,NULL,12971483,NULL
365383,NULL,1037579,NULL
365480,NULL,6594044,NULL
365763,NULL,370370,NULL
366340,NULL,3502398,NULL
366395,NULL,116485567,NULL
366401,NULL,25696840,NULL
366447,NULL,6668276,NULL
366465,NULL,7748929,NULL
366623,NULL,393723,NULL
366632,NULL,308331,NULL
366711,NULL,70444546,NULL
367459,NULL,27595979,NULL
367875,NULL,3334687,NULL
367972,NULL,828396,NULL
368364,NULL,2046263,NULL
368407,NULL,545849,NULL
368647,NULL,159204,NULL
368911,NULL,8618123,NULL
369109,NULL,469953,NULL
369419,NULL,4930660,NULL
369668,NULL,1326156,NULL
371690,NULL,2784706,NULL
372082,NULL,1302921,NULL
373711,NULL,418705,NULL
374112,NULL,256634,NULL
374592,NULL,516142,NULL
375373,NULL,1266232,NULL
375407,NULL,570521,NULL
375568,NULL,223384,NULL
375656,NULL,1315684,NULL
375683,NULL,5843999,NULL
375692,NULL,13123780,NULL
375966,NULL,848518,NULL
376695,NULL,4251148,NULL
377485,NULL,353229,NULL
379621,NULL,348503,NULL
380359,NULL,2586152,NULL
380368,NULL,6375000,NULL
380377,NULL,7543014,NULL
381529,NULL,3397765,NULL
382258,NULL,2971657,NULL
382416,NULL,602403,NULL
383084,NULL,6656378,NULL
383190,NULL,17087147,NULL
383312,NULL,585077,NULL
383330,NULL,643888,NULL
383367,NULL,994628,NULL
383525,NULL,564039,NULL
383996,NULL,2891910,NULL
384333,NULL,25107840,NULL
384342,NULL,21212541,NULL
389860,NULL,1259930,NULL
390905,NULL,1509001,NULL
391333,NULL,381849,NULL
395195,NULL,4582101,NULL
395362,NULL,8524536,NULL
399212,NULL,26727695,NULL
403469,NULL,3346956,NULL
403478,NULL,3875422,NULL
403487,NULL,4403889,NULL
404426,NULL,10053111,NULL
404480,NULL,20433369,NULL
405872,NULL,18312744,NULL
406325,NULL,445633,NULL
406361,NULL,230566,NULL
406422,NULL,721715,NULL
407452,NULL,668915,NULL
407461,NULL,957916,NULL
407489,NULL,627586,NULL
407504,NULL,993144,NULL
407513,NULL,1508900,NULL
407522,NULL,60024,NULL
407577,NULL,1348683,NULL
407595,NULL,1082827,NULL
407832,NULL,1602450,NULL
408394,NULL,4577148,NULL
409120,NULL,982525,NULL
409315,NULL,71203678,NULL
409379,NULL,10607450,NULL
409537,NULL,318932,NULL
409591,NULL,938858,NULL
409698,NULL,45973845,NULL
412535,NULL,195000,NULL
413176,NULL,220933,NULL
413626,NULL,2182610,NULL
413802,NULL,2685141,NULL
414911,NULL,5886538,NULL
416801,NULL,2759285,NULL
417105,NULL,4038168,NULL
417123,NULL,2255250,NULL
417178,NULL,690150,NULL
417187,NULL,518185,NULL
417248,NULL,450433,NULL
417257,NULL,695150,NULL
417275,NULL,265337,NULL
417442,NULL,543443,NULL
417628,NULL,513145,NULL
417637,NULL,542853,NULL
417646,NULL,217412,NULL
417655,NULL,224599,NULL
417673,NULL,130672,NULL
417682,NULL,239312,NULL
417716,NULL,901698,NULL
417743,NULL,567126,NULL
417831,NULL,480536,NULL
417868,NULL,194810,NULL
417886,NULL,401337,NULL
417910,NULL,1559050,NULL
417947,NULL,254895,NULL
417983,NULL,295697,NULL
417992,NULL,405749,NULL
418001,NULL,1176084,NULL
418010,NULL,229204,NULL
418029,NULL,384600,NULL
418038,NULL,970768,NULL
418056,NULL,697520,NULL
418065,NULL,1340850,NULL
418083,NULL,300896,NULL
418199,NULL,762220,NULL
418205,NULL,1739980,NULL
418223,NULL,366892,NULL
418250,NULL,1109546,NULL
418278,NULL,536267,NULL
418287,NULL,5372585,NULL
418296,NULL,2792136,NULL
418302,NULL,4942454,NULL
418320,NULL,4957567,NULL
418339,NULL,11787005,NULL
418348,NULL,4266194,NULL
418357,NULL,1820560,NULL
418409,NULL,1584859,NULL
418427,NULL,912422,NULL
418445,NULL,228600,NULL
418454,NULL,1322341,NULL
418481,NULL,276086,NULL
418506,NULL,353093,NULL
418515,NULL,566119,NULL
418524,NULL,400815,NULL
418533,NULL,2031097,NULL
418542,NULL,593547,NULL
418560,NULL,619308,NULL
418588,NULL,294642,NULL
418603,NULL,345454,NULL
418612,NULL,196737,NULL
418676,NULL,1470,NULL
419031,NULL,211417,NULL
419095,NULL,630246,NULL
419226,NULL,4287550,NULL
419332,NULL,77402,NULL
419420,NULL,261853,NULL
419484,NULL,275452,NULL
420398,NULL,26042184,NULL
420431,NULL,9563334,NULL
420440,NULL,4843818,NULL
420468,NULL,2178353,NULL
420538,NULL,5676213,NULL
420556,NULL,5220054,NULL
420723,NULL,1983910,NULL
420802,NULL,2720091,NULL
421540,NULL,882917,NULL
421559,NULL,716011,NULL
421717,NULL,208503,NULL
423652,NULL,2328129,NULL
427991,NULL,2250346,NULL
428019,NULL,1268986,NULL
428392,NULL,4709958,NULL
428426,NULL,6233367,NULL
430643,NULL,14246,NULL
430795,NULL,2516894,NULL
430883,NULL,200239,NULL
430908,NULL,987800,NULL
430971,NULL,545362,NULL
431017,NULL,4312724,NULL
431105,NULL,1104930,NULL
431169,NULL,1114707,NULL
431187,NULL,312697,NULL
431196,NULL,810678,NULL
431202,NULL,157003,NULL
431266,NULL,396681,NULL
431275,NULL,375042,NULL
431558,NULL,2058969,NULL
431691,NULL,193802,NULL
431707,NULL,516514,NULL
431716,NULL,1384543,NULL
431770,NULL,468967,NULL
431877,NULL,230834,NULL
432144,NULL,6201068,NULL
433040,NULL,295055,NULL
433068,NULL,2806930,NULL
433138,NULL,788227,NULL
433174,NULL,4703173,NULL
433660,NULL,80298641,NULL
434061,NULL,12016098,NULL
434584,NULL,7929854,NULL
434672,NULL,104469056,NULL
435000,NULL,309986411,NULL
436304,NULL,4981807,NULL
437103,NULL,21094430,NULL
438665,NULL,17223327,NULL
438708,NULL,2151155,NULL
439145,NULL,11304330,NULL
439154,NULL,10072275,NULL
439190,NULL,9386520,NULL
439622,NULL,757375,NULL
440217,NULL,151764,NULL
440402,NULL,7048190,NULL
440730,NULL,1860822,NULL
440916,NULL,9133377,NULL
441070,NULL,1170669,NULL
441210,NULL,921158,NULL
441317,NULL,832204,NULL
441335,NULL,598213,NULL
441353,NULL,385600,NULL
441414,NULL,956765,NULL
441593,NULL,177016,NULL
441672,NULL,52985,NULL
441760,NULL,10824856,NULL
441894,NULL,74396,NULL
441900,NULL,11959000,NULL
441937,NULL,47972251,NULL
443368,NULL,2617751,NULL
443492,NULL,7263340,NULL
443711,NULL,23123646,NULL
444219,NULL,22312759,NULL
444954,NULL,7292309,NULL
445018,NULL,6476815,NULL
445188,NULL,86218000,NULL
445674,NULL,4613232,NULL
446206,NULL,78434,NULL
446349,NULL,0,NULL
446774,NULL,7085613,NULL
446978,NULL,3281001,NULL
447582,NULL,9661880,NULL
447689,NULL,47586601,NULL
448248,NULL,4526242,NULL
448336,NULL,1960266,NULL
448594,NULL,16944624,NULL
448637,NULL,2777776,NULL
448840,NULL,28069021,NULL
449357,NULL,1069184,NULL
449816,NULL,1705138,NULL
451459,NULL,806773,NULL
451583,NULL,1725666,NULL
451671,NULL,12180565,NULL
452106,NULL,2173742,NULL
455114,NULL,22487932,NULL
455512,NULL,8357020,NULL
456959,NULL,5551595,NULL
457378,NULL,986366,NULL
457387,NULL,1617046,NULL
457615,NULL,324685,NULL
457624,NULL,328600,NULL
457873,NULL,849665,NULL
457943,NULL,592595,NULL
457989,NULL,932139,NULL
459329,NULL,413505,NULL
459408,NULL,285121,NULL
460394,NULL,19324803,NULL
460464,NULL,20538325,NULL
460604,NULL,522603,NULL
460808,NULL,166195,NULL
461087,NULL,1100022,NULL
461245,NULL,1012244,NULL
461306,NULL,1911312,NULL
461315,NULL,764292,NULL
461634,NULL,1912338,NULL
475565,NULL,5458849,NULL
476975,NULL,11710097,NULL
480967,NULL,1245600,NULL
481021,NULL,379293,NULL
481049,NULL,117232,NULL
481182,NULL,312131,NULL
481191,NULL,1282904,NULL
482149,NULL,356546691,NULL
482158,NULL,37820663,NULL
482680,NULL,69301769,NULL
482699,NULL,9680754,NULL
483036,NULL,13572960,NULL
483045,NULL,29005065,NULL
483212,NULL,13199715,NULL
